CREATE DATABASE IF NOT EXISTS `hotel_reservation_premium` DEFAULT CHARACTER SET utf8mb4 COLLATE utf8mb4_0900_ai_ci;
USE `hotel_reservation_premium`;

-- MySQL dump 10.13  Distrib 8.0.43, for Win64 (x86_64)
--
-- Host: 127.0.0.1    Database: hotel_reservation_premium
-- ------------------------------------------------------
-- Server version	8.0.43

/*!40101 SET @OLD_CHARACTER_SET_CLIENT=@@CHARACTER_SET_CLIENT */;
/*!40101 SET @OLD_CHARACTER_SET_RESULTS=@@CHARACTER_SET_RESULTS */;
/*!40101 SET @OLD_COLLATION_CONNECTION=@@COLLATION_CONNECTION */;
/*!50503 SET NAMES utf8 */;
/*!40103 SET @OLD_TIME_ZONE=@@TIME_ZONE */;
/*!40103 SET TIME_ZONE='+00:00' */;
/*!40014 SET @OLD_UNIQUE_CHECKS=@@UNIQUE_CHECKS, UNIQUE_CHECKS=0 */;
/*!40014 SET @OLD_FOREIGN_KEY_CHECKS=@@FOREIGN_KEY_CHECKS, FOREIGN_KEY_CHECKS=0 */;
/*!40101 SET @OLD_SQL_MODE=@@SQL_MODE, SQL_MODE='NO_AUTO_VALUE_ON_ZERO' */;
/*!40111 SET @OLD_SQL_NOTES=@@SQL_NOTES, SQL_NOTES=0 */;

--
-- Table structure for table `bill`
--

DROP TABLE IF EXISTS `bill`;
/*!40101 SET @saved_cs_client     = @@character_set_client */;
/*!50503 SET character_set_client = utf8mb4 */;
CREATE TABLE `bill` (
  `id` varchar(36) NOT NULL,
  `reservationRoomId` varchar(36) NOT NULL,
  `totalAmount` decimal(10,2) NOT NULL,
  `createdAt` datetime NOT NULL,
  `reason` enum('ROOM_CHARGE','SERVICE','REFUND') NOT NULL,
  `status` enum('UNPAID','PAID') NOT NULL,
  PRIMARY KEY (`id`),
  KEY `FK_bill_resroom` (`reservationRoomId`),
  CONSTRAINT `FK_bill_resroom` FOREIGN KEY (`reservationRoomId`) REFERENCES `reservationroom` (`id`) ON DELETE CASCADE
) ENGINE=InnoDB DEFAULT CHARSET=utf8mb4 COLLATE=utf8mb4_0900_ai_ci;
/*!40101 SET character_set_client = @saved_cs_client */;

--
-- Dumping data for table `bill`
--

LOCK TABLES `bill` WRITE;
/*!40000 ALTER TABLE `bill` DISABLE KEYS */;
INSERT INTO `bill` VALUES ('013f72ca-ca05-11f0-a7b3-581122e81fee','38bbc6a2-f218-4ec9-b3fc-9b7038bd6b0a',4500000.00,'2025-11-25 20:45:29','ROOM_CHARGE','PAID'),('013f7619-ca05-11f0-a7b3-581122e81fee','4cbf27c2-fd3b-41d4-ab33-7093035908ce',4500000.00,'2025-11-25 20:45:29','ROOM_CHARGE','PAID'),('02272bf0-ca2a-11f0-a7b3-581122e81fee','13f5775a-8f8a-453a-8729-274ee39a8585',2400000.00,'2025-11-26 01:10:22','ROOM_CHARGE','PAID'),('02273069-ca2a-11f0-a7b3-581122e81fee','a59103fd-bcaf-4ef5-b34c-c4cf196c7f4c',2400000.00,'2025-11-26 01:10:22','ROOM_CHARGE','PAID'),('05a6fbe3-ca2a-11f0-a7b3-581122e81fee','13f5775a-8f8a-453a-8729-274ee39a8585',2400000.00,'2025-11-26 01:10:28','REFUND','UNPAID'),('05a88803-ca2a-11f0-a7b3-581122e81fee','a59103fd-bcaf-4ef5-b34c-c4cf196c7f4c',2400000.00,'2025-11-26 01:10:28','REFUND','UNPAID'),('06cfc10f-ca08-11f0-a7b3-581122e81fee','17ceb988-4129-4fce-bb3f-7ce7d850b646',1600000.00,'2025-11-25 21:07:07','ROOM_CHARGE','PAID'),('06cfc78a-ca08-11f0-a7b3-581122e81fee','3c75b236-166a-4ea5-8ac5-7b624dbac69e',4800000.00,'2025-11-25 21:07:07','ROOM_CHARGE','PAID'),('093c68ed-ca30-11f0-a7b3-581122e81fee','60f5e269-9aa9-4267-b244-5ec5335450a6',1000000.00,'2025-11-26 01:53:31','ROOM_CHARGE','PAID'),('093c71cb-ca30-11f0-a7b3-581122e81fee','6f7cf5f7-b666-4eee-b263-bbb2ead21972',1000000.00,'2025-11-26 01:53:31','ROOM_CHARGE','PAID'),('09955d31-ca1c-11f0-a7b3-581122e81fee','1e932a66-c68b-465b-b341-97b3124707b4',2400000.00,'2025-11-25 23:30:22','ROOM_CHARGE','PAID'),('099598dc-ca1c-11f0-a7b3-581122e81fee','a4cb115e-d960-4f3f-8ee1-0499d7b9dfb5',2400000.00,'2025-11-25 23:30:22','ROOM_CHARGE','PAID'),('099599e1-ca1c-11f0-a7b3-581122e81fee','d2b5f36a-654d-469c-bd09-750ceb63ab96',1000000.00,'2025-11-25 23:30:22','ROOM_CHARGE','PAID'),('0a58b79e-ca76-11f0-bfeb-581122e81fee','b1e3adb8-6f1c-423f-8263-517bf64ce78d',9000000.00,'2025-11-26 10:14:38','ROOM_CHARGE','PAID'),('0d2af0fb-ca29-11f0-a7b3-581122e81fee','1a13d653-50a0-4ef2-a3e3-06007059415d',6000000.00,'2025-11-26 01:03:31','ROOM_CHARGE','PAID'),('0d2b1673-ca29-11f0-a7b3-581122e81fee','6fdfbbfb-68f3-4c6c-8b42-63715915cff0',6000000.00,'2025-11-26 01:03:31','ROOM_CHARGE','PAID'),('0f2baf75-ca75-11f0-bfeb-581122e81fee','7d0c87a0-07ed-4bf1-afcc-7877f80547e3',4500000.00,'2025-11-26 10:07:36','ROOM_CHARGE','PAID'),('0f2bb1fc-ca75-11f0-bfeb-581122e81fee','b0805195-e7cc-4a1b-836a-1e085bbc06e7',4500000.00,'2025-11-26 10:07:36','ROOM_CHARGE','PAID'),('0fa26b37-ca1d-11f0-a7b3-581122e81fee','d7ed6155-8b8b-49bd-909c-b43b0fd7bcd9',9000000.00,'2025-11-25 23:37:41','ROOM_CHARGE','PAID'),('108914bd-ca30-11f0-a7b3-581122e81fee','60f5e269-9aa9-4267-b244-5ec5335450a6',1000000.00,'2025-11-26 01:53:43','REFUND','UNPAID'),('1089b419-ca30-11f0-a7b3-581122e81fee','6f7cf5f7-b666-4eee-b263-bbb2ead21972',1000000.00,'2025-11-26 01:53:43','REFUND','UNPAID'),('13eb1e54-ca19-11f0-a7b3-581122e81fee','71703ee1-1a89-41d8-9702-1e7cdeb077fd',3200000.00,'2025-11-25 23:09:11','ROOM_CHARGE','PAID'),('13eb2363-ca19-11f0-a7b3-581122e81fee','88c715db-082e-41a7-a8bf-2116ad2d7a06',3000000.00,'2025-11-25 23:09:11','ROOM_CHARGE','PAID'),('13eb253b-ca19-11f0-a7b3-581122e81fee','fb856733-5064-4b55-be6a-ac3017d8fcb1',3200000.00,'2025-11-25 23:09:11','ROOM_CHARGE','PAID'),('13f23840-ca29-11f0-a7b3-581122e81fee','1a13d653-50a0-4ef2-a3e3-06007059415d',6000000.00,'2025-11-26 01:03:43','REFUND','UNPAID'),('13f3089f-ca29-11f0-a7b3-581122e81fee','6fdfbbfb-68f3-4c6c-8b42-63715915cff0',6000000.00,'2025-11-26 01:03:43','REFUND','UNPAID'),('14748c58-ca79-11f0-bfeb-581122e81fee','43ae2173-191d-4626-a070-4eea9abfd3b4',2400000.00,'2025-11-26 10:36:23','ROOM_CHARGE','PAID'),('14749066-ca79-11f0-bfeb-581122e81fee','74b6b075-79aa-45ae-82ba-c7b592a4b557',4500000.00,'2025-11-26 10:36:23','ROOM_CHARGE','PAID'),('1474912a-ca79-11f0-bfeb-581122e81fee','dc04ac7b-89bc-4809-a910-2b968030682b',4000000.00,'2025-11-26 10:36:23','ROOM_CHARGE','PAID'),('147491c7-ca79-11f0-bfeb-581122e81fee','ef8449e8-bf52-4de9-8252-930b30564f49',4500000.00,'2025-11-26 10:36:23','ROOM_CHARGE','PAID'),('1cd52f72-ca2a-11f0-a7b3-581122e81fee','472d67e2-51db-4c45-9e3a-9ce3a9ccdbb4',9000000.00,'2025-11-26 01:11:07','ROOM_CHARGE','PAID'),('1da05673-ca77-11f0-bfeb-581122e81fee','ae6ba50e-83d1-4445-a4ec-9e3afb727816',2400000.00,'2025-11-26 10:22:20','ROOM_CHARGE','PAID'),('1da05bb7-ca77-11f0-bfeb-581122e81fee','b32b4f77-7f36-4681-b10b-8b52d297d560',1000000.00,'2025-11-26 10:22:20','ROOM_CHARGE','PAID'),('1da05c8f-ca77-11f0-bfeb-581122e81fee','cbac9bc2-9310-49ea-b0cf-33dbfcad96fa',2400000.00,'2025-11-26 10:22:20','ROOM_CHARGE','PAID'),('1e4c351f-ca63-11f0-9a7c-581122e81fee','1ea56b83-7197-450d-b8b7-687c44d2e851',3200000.00,'2025-11-26 07:59:11','ROOM_CHARGE','PAID'),('1e4cb186-ca63-11f0-9a7c-581122e81fee','7d43dcc6-115d-45ae-959b-0994d0d96c28',4500000.00,'2025-11-26 07:59:11','ROOM_CHARGE','PAID'),('1e4cb665-ca63-11f0-9a7c-581122e81fee','b56199e2-ca21-437e-a8de-6383c2a3677e',3200000.00,'2025-11-26 07:59:11','ROOM_CHARGE','PAID'),('1e5dd29b-ca66-11f0-9a7c-581122e81fee','0aeba89f-0851-4599-8687-bc2f8e0774fd',9000000.00,'2025-11-26 08:20:39','ROOM_CHARGE','PAID'),('1e5ddb81-ca66-11f0-9a7c-581122e81fee','3a2585a1-c57b-4c73-acf2-837fec41f84b',6000000.00,'2025-11-26 08:20:39','ROOM_CHARGE','PAID'),('203717ea-ca74-11f0-bfeb-581122e81fee','6a7145d8-d3b0-41f1-960e-7ce47c72a9fa',9000000.00,'2025-11-26 10:00:55','ROOM_CHARGE','PAID'),('20374cd4-ca74-11f0-bfeb-581122e81fee','cfadeae1-d7cf-4f44-8d8a-aa7a935a4ea0',6000000.00,'2025-11-26 10:00:55','ROOM_CHARGE','PAID'),('22c09c1c-ca65-11f0-9a7c-581122e81fee','4a1db60a-9e09-469e-8fd0-8318387fef22',550000.00,'2025-11-26 08:13:37','SERVICE','UNPAID'),('2325200c-ca65-11f0-9a7c-581122e81fee','c9d805e6-fd15-4514-9ac9-45b1f668abc0',1700000.00,'2025-11-26 08:13:38','SERVICE','UNPAID'),('256c0a7b-ca2b-11f0-a7b3-581122e81fee','472d67e2-51db-4c45-9e3a-9ce3a9ccdbb4',2850000.00,'2025-11-26 01:18:31','SERVICE','UNPAID'),('25816d53-ca2b-11f0-a7b3-581122e81fee','d2b6cb43-49ff-4461-bb58-51902a399d3d',650000.00,'2025-11-26 01:18:31','SERVICE','UNPAID'),('2665ee1c-ca30-11f0-a7b3-581122e81fee','c9de0918-1cd0-4300-a893-7a2f9d600ca3',4500000.00,'2025-11-26 01:54:20','ROOM_CHARGE','PAID'),('26660ad8-ca30-11f0-a7b3-581122e81fee','ed5ee2ed-c95a-47bc-b1e4-0dc89398c93c',4500000.00,'2025-11-26 01:54:20','ROOM_CHARGE','PAID'),('280c33c2-ca24-11f0-a7b3-581122e81fee','a7354d83-859d-45f3-877e-2632bb0f639c',550000.00,'2025-11-26 00:28:29','SERVICE','UNPAID'),('29b9b45c-ca29-11f0-a7b3-581122e81fee','09ed4e1e-4cdf-403d-8f33-2773a206be29',2400000.00,'2025-11-26 01:04:19','ROOM_CHARGE','PAID'),('2a09feba-ca5e-11f0-9a7c-581122e81fee','53168a3b-a7f2-402f-bfaa-af2dcbb0f45b',1000000.00,'2025-11-26 07:23:43','ROOM_CHARGE','PAID'),('2a0a491c-ca5e-11f0-9a7c-581122e81fee','5f1a0321-67e7-44f6-8767-c08215d36abb',2400000.00,'2025-11-26 07:23:43','ROOM_CHARGE','PAID'),('2a0a4d88-ca5e-11f0-9a7c-581122e81fee','7c3276a2-780c-4dc4-a08a-3d6cea4a15cc',2400000.00,'2025-11-26 07:23:43','ROOM_CHARGE','PAID'),('2a1beb4d-ca1d-11f0-a7b3-581122e81fee','1e932a66-c68b-465b-b341-97b3124707b4',250000.00,'2025-11-25 23:38:26','SERVICE','UNPAID'),('2a392e86-ca1d-11f0-a7b3-581122e81fee','a4cb115e-d960-4f3f-8ee1-0499d7b9dfb5',200000.00,'2025-11-25 23:38:26','SERVICE','UNPAID'),('2c34a898-ca2f-11f0-a7b3-581122e81fee','b0f8f5c9-2ae1-4493-8b13-02cc7538f284',1000000.00,'2025-11-26 01:47:20','ROOM_CHARGE','PAID'),('2e7c101f-ca75-11f0-bfeb-581122e81fee','6a7145d8-d3b0-41f1-960e-7ce47c72a9fa',450000.00,'2025-11-26 10:08:29','SERVICE','UNPAID'),('2eb30603-ca75-11f0-bfeb-581122e81fee','c667220a-f6f6-4805-99c4-2a2ace7e1679',2800000.00,'2025-11-26 10:08:29','SERVICE','UNPAID'),('2eb8b2e5-ca75-11f0-bfeb-581122e81fee','ce6eabf5-f7c7-4ac6-a780-83622ba6b967',500000.00,'2025-11-26 10:08:29','SERVICE','UNPAID'),('31d7c3b3-ca61-11f0-9a7c-581122e81fee','188f113e-14ba-46ac-b892-0680cc520dd3',1000000.00,'2025-11-26 07:45:25','ROOM_CHARGE','PAID'),('31d7c9bc-ca61-11f0-9a7c-581122e81fee','371fabdb-fe57-4079-a362-f9fe62381674',1000000.00,'2025-11-26 07:45:25','ROOM_CHARGE','PAID'),('3381a659-ca63-11f0-9a7c-581122e81fee','9f6f8dc5-7d31-4d52-8439-1d4f4e15b004',1000000.00,'2025-11-26 07:59:46','ROOM_CHARGE','PAID'),('34a3ed65-ca13-11f0-a7b3-581122e81fee','f43a74f6-2d66-459a-90ab-4ff1f9db98bb',300000.00,'2025-11-25 22:27:08','SERVICE','UNPAID'),('353eac61-ca06-11f0-a7b3-581122e81fee','bfc9e325-a044-4d94-8161-486ce673f7b9',1000000.00,'2025-11-25 20:54:06','ROOM_CHARGE','PAID'),('360d386b-ca64-11f0-9a7c-581122e81fee','e36f0043-bcca-4936-9b3b-99eecc2a35e8',1000000.00,'2025-11-26 08:07:00','ROOM_CHARGE','PAID'),('360d42ff-ca64-11f0-9a7c-581122e81fee','f8859c48-ebbe-4abb-a604-6f290d381a90',1000000.00,'2025-11-26 08:07:00','ROOM_CHARGE','PAID'),('37999b7b-ca79-11f0-bfeb-581122e81fee','2893249f-139b-43b4-a294-989cd0a97198',4800000.00,'2025-11-26 10:37:22','ROOM_CHARGE','PAID'),('3799e15f-ca79-11f0-bfeb-581122e81fee','5576a929-bdf2-4a11-9c8a-08e9e1b69fb9',4800000.00,'2025-11-26 10:37:22','ROOM_CHARGE','PAID'),('3799e34c-ca79-11f0-bfeb-581122e81fee','6020aafd-f2af-413d-80a2-3f1c03312b1a',4800000.00,'2025-11-26 10:37:22','ROOM_CHARGE','PAID'),('3799e45c-ca79-11f0-bfeb-581122e81fee','6129405e-8bfe-4ab4-b3c2-11aedca91889',4800000.00,'2025-11-26 10:37:22','ROOM_CHARGE','PAID'),('3799e551-ca79-11f0-bfeb-581122e81fee','729b4946-a3b7-4414-9ce5-aff09351eaa9',4800000.00,'2025-11-26 10:37:22','ROOM_CHARGE','PAID'),('3799e640-ca79-11f0-bfeb-581122e81fee','790f65cf-0715-4b95-a65c-503a257feb41',4800000.00,'2025-11-26 10:37:22','ROOM_CHARGE','PAID'),('3799e725-ca79-11f0-bfeb-581122e81fee','8e6fcb86-2018-4614-8357-597bf2a224f7',4800000.00,'2025-11-26 10:37:22','ROOM_CHARGE','PAID'),('3799e823-ca79-11f0-bfeb-581122e81fee','98e02961-91ca-4589-8468-8ae701ddcae5',4800000.00,'2025-11-26 10:37:22','ROOM_CHARGE','PAID'),('3799e905-ca79-11f0-bfeb-581122e81fee','b79c82f8-d820-4d94-8cf4-2e08fdbd16bb',3200000.00,'2025-11-26 10:37:22','ROOM_CHARGE','PAID'),('3799e9ef-ca79-11f0-bfeb-581122e81fee','e47c033e-e6da-43f7-b9d0-3b0dcbf17aba',3200000.00,'2025-11-26 10:37:22','ROOM_CHARGE','PAID'),('3799eacc-ca79-11f0-bfeb-581122e81fee','e4c49081-07c1-45dd-95c1-5130960d5d8c',4800000.00,'2025-11-26 10:37:22','ROOM_CHARGE','PAID'),('3799ec6c-ca79-11f0-bfeb-581122e81fee','fa4d94f5-80df-4e48-baae-69a7818035b9',4800000.00,'2025-11-26 10:37:22','ROOM_CHARGE','PAID'),('3b73c9e6-ca30-11f0-a7b3-581122e81fee','d2c45093-119c-4547-a001-424739596ef9',6000000.00,'2025-11-26 01:54:55','ROOM_CHARGE','PAID'),('3b73cd1d-ca30-11f0-a7b3-581122e81fee','f7192269-3870-4289-ac91-1213ff398ee5',1000000.00,'2025-11-26 01:54:55','ROOM_CHARGE','PAID'),('3ca31ad9-ca25-11f0-a7b3-581122e81fee','ad6f6066-d66c-4e76-b92b-6c08c9193be9',4500000.00,'2025-11-26 00:36:13','ROOM_CHARGE','PAID'),('3ca31daf-ca25-11f0-a7b3-581122e81fee','ae071d69-da98-4d9f-9b26-91b8b1e5f946',4500000.00,'2025-11-26 00:36:13','ROOM_CHARGE','PAID'),('3e1310b5-ca64-11f0-9a7c-581122e81fee','e36f0043-bcca-4936-9b3b-99eecc2a35e8',1000000.00,'2025-11-26 08:07:13','REFUND','UNPAID'),('3e17d24c-ca64-11f0-9a7c-581122e81fee','f8859c48-ebbe-4abb-a604-6f290d381a90',1000000.00,'2025-11-26 08:07:14','REFUND','UNPAID'),('3e1afa68-ca5e-11f0-9a7c-581122e81fee','adb6a250-5253-498a-9bfc-701bef6dbd0c',4800000.00,'2025-11-26 07:24:17','ROOM_CHARGE','PAID'),('3eaa6d6f-ca77-11f0-bfeb-581122e81fee','1dcf8c3a-8d3c-41c0-8114-fb6965fb798d',4500000.00,'2025-11-26 10:23:15','ROOM_CHARGE','PAID'),('3eaa7135-ca77-11f0-bfeb-581122e81fee','c0e531c2-cfd1-4181-9e0c-4faea24a73c7',3200000.00,'2025-11-26 10:23:15','ROOM_CHARGE','PAID'),('3eaa729f-ca77-11f0-bfeb-581122e81fee','ee1831a0-9469-44e6-a987-d1ce91c9ea4e',3200000.00,'2025-11-26 10:23:15','ROOM_CHARGE','PAID'),('3ed4fc24-ca18-11f0-a7b3-581122e81fee','13917c5f-0e4e-4d32-9f4f-c548ce32c735',9000000.00,'2025-11-25 23:03:13','ROOM_CHARGE','PAID'),('3ffef2c1-ca78-11f0-bfeb-581122e81fee','190c01b6-6aa4-4bb8-a1ca-8d8b81862d37',6000000.00,'2025-11-26 10:30:27','ROOM_CHARGE','PAID'),('3ffefa09-ca78-11f0-bfeb-581122e81fee','90ff7f5b-40f0-4f72-88c1-b938279827ae',9000000.00,'2025-11-26 10:30:27','ROOM_CHARGE','PAID'),('406cd045-ca23-11f0-a7b3-581122e81fee','467766b4-e0f4-46a8-af60-5ba3a7350998',2400000.00,'2025-11-26 00:22:00','ROOM_CHARGE','PAID'),('406cfcfa-ca23-11f0-a7b3-581122e81fee','4b8acd38-010e-4b94-b532-c9d9711558ed',1000000.00,'2025-11-26 00:22:00','ROOM_CHARGE','PAID'),('406cfe03-ca23-11f0-a7b3-581122e81fee','a7354d83-859d-45f3-877e-2632bb0f639c',2400000.00,'2025-11-26 00:22:00','ROOM_CHARGE','PAID'),('455612f1-ca78-11f0-bfeb-581122e81fee','190c01b6-6aa4-4bb8-a1ca-8d8b81862d37',6000000.00,'2025-11-26 10:30:36','REFUND','UNPAID'),('45569429-ca78-11f0-bfeb-581122e81fee','90ff7f5b-40f0-4f72-88c1-b938279827ae',9000000.00,'2025-11-26 10:30:36','REFUND','UNPAID'),('472611b0-ca0d-11f0-a7b3-581122e81fee','14742af3-e9d0-4ee6-a8d9-52783f9b95a5',6000000.00,'2025-11-25 21:44:43','ROOM_CHARGE','PAID'),('47261514-ca0d-11f0-a7b3-581122e81fee','6e8cca9a-58d5-4868-ba8f-62ae0ac53ab8',2400000.00,'2025-11-25 21:44:43','ROOM_CHARGE','PAID'),('4b6cf9fa-ca04-11f0-a7b3-581122e81fee','572e9582-cf32-4bad-8384-6ba55fcdbe96',300000.00,'2025-11-25 20:40:24','SERVICE','UNPAID'),('4bab4732-ca60-11f0-9a7c-581122e81fee','0fad46bb-69d1-471d-8adb-738b3494cf94',4500000.00,'2025-11-26 07:38:58','ROOM_CHARGE','PAID'),('4bab768e-ca60-11f0-9a7c-581122e81fee','2c964eb1-d156-4f8e-ba60-a3a5b991cfde',3200000.00,'2025-11-26 07:38:58','ROOM_CHARGE','PAID'),('4bab79ea-ca60-11f0-9a7c-581122e81fee','bb093e83-1e5f-48b2-905d-640adbbd3133',3200000.00,'2025-11-26 07:38:58','ROOM_CHARGE','PAID'),('515acd33-ca64-11f0-9a7c-581122e81fee','4a1db60a-9e09-469e-8fd0-8318387fef22',4500000.00,'2025-11-26 08:07:46','ROOM_CHARGE','PAID'),('515b6160-ca64-11f0-9a7c-581122e81fee','b3d09d43-f0c0-4e08-a8bf-2f0a5b8b9f9e',4500000.00,'2025-11-26 08:07:46','ROOM_CHARGE','PAID'),('52cd1992-ca1d-11f0-a7b3-581122e81fee','87dd843a-ca64-41f6-8c54-61f1988d4433',4800000.00,'2025-11-25 23:39:34','ROOM_CHARGE','PAID'),('52cd1e65-ca1d-11f0-a7b3-581122e81fee','c6d9d0b2-bebf-4a22-87d1-9d982906fd58',4800000.00,'2025-11-25 23:39:34','ROOM_CHARGE','PAID'),('54470903-ca13-11f0-a7b3-581122e81fee','b55ce919-68d1-44e7-b98e-a44e7bc8ba68',2400000.00,'2025-11-25 22:28:02','ROOM_CHARGE','PAID'),('54471f0a-ca13-11f0-a7b3-581122e81fee','fe6bb904-1367-4cb4-a9c7-8295d8d63b04',2400000.00,'2025-11-25 22:28:02','ROOM_CHARGE','PAID'),('554893df-ca69-11f0-9a7c-581122e81fee','4900517d-e2cf-405f-bafe-7729af4eb250',2850000.00,'2025-11-26 08:43:40','SERVICE','UNPAID'),('5551c5f2-ca69-11f0-9a7c-581122e81fee','5fa811a1-6a00-49f3-a5a6-3ad6e54ca4db',200000.00,'2025-11-26 08:43:40','SERVICE','UNPAID'),('55779f3d-ca69-11f0-9a7c-581122e81fee','8f16429b-0b81-49b8-9335-daf0de1e6636',1300000.00,'2025-11-26 08:43:40','SERVICE','UNPAID'),('56ab2ab1-ca62-11f0-9a7c-581122e81fee','ca745688-1a60-434a-b7cd-16f14cd71136',850000.00,'2025-11-26 07:53:36','SERVICE','UNPAID'),('56bac371-ca62-11f0-9a7c-581122e81fee','f96b0fa3-698f-41d0-b572-1ea384fa9f18',350000.00,'2025-11-26 07:53:36','SERVICE','UNPAID'),('56dd3d52-ca2f-11f0-a7b3-581122e81fee','c944acf1-a687-4eaf-99c3-b2d4dd72cdd4',1850000.00,'2025-11-26 01:48:32','SERVICE','UNPAID'),('59e7d39f-ca28-11f0-a7b3-581122e81fee','d8eb7074-bf1f-4e90-ab34-d6e65a700316',1250000.00,'2025-11-26 00:58:30','SERVICE','UNPAID'),('5a19c075-ca67-11f0-9a7c-581122e81fee','99a87c37-c65b-456d-89bc-c4462a3c81a0',1000000.00,'2025-11-26 08:29:29','ROOM_CHARGE','PAID'),('5a19cb43-ca67-11f0-9a7c-581122e81fee','ef0402d7-1c41-436d-be2a-c92d5a998acb',6000000.00,'2025-11-26 08:29:29','ROOM_CHARGE','PAID'),('5bff9974-ca07-11f0-a7b3-581122e81fee','85c3db0a-f77c-454e-9f27-bead67f90742',9000000.00,'2025-11-25 21:02:21','ROOM_CHARGE','PAID'),('5c80f58f-ca2f-11f0-a7b3-581122e81fee','643f3742-f25a-4de3-8c8a-d2fc864b85d4',9000000.00,'2025-11-26 01:48:41','ROOM_CHARGE','PAID'),('5c8128ff-ca2f-11f0-a7b3-581122e81fee','91bc19b9-9c40-4d87-ba37-a22355814394',6000000.00,'2025-11-26 01:48:41','ROOM_CHARGE','PAID'),('5d863204-ca24-11f0-a7b3-581122e81fee','38cb9e7d-ba18-48c1-b773-803ec04b8541',6000000.00,'2025-11-26 00:29:59','ROOM_CHARGE','PAID'),('5d8644b0-ca24-11f0-a7b3-581122e81fee','96e140d8-d34a-4f6b-9b22-6c371f758fd3',6000000.00,'2025-11-26 00:29:59','ROOM_CHARGE','PAID'),('5f70f753-ca61-11f0-9a7c-581122e81fee','ca745688-1a60-434a-b7cd-16f14cd71136',6000000.00,'2025-11-26 07:46:41','ROOM_CHARGE','PAID'),('5f7105d1-ca61-11f0-9a7c-581122e81fee','cbf64a2a-0f36-4dab-a4ee-7dae334ef17a',1000000.00,'2025-11-26 07:46:41','ROOM_CHARGE','PAID'),('610f2fdb-ca67-11f0-9a7c-581122e81fee','99a87c37-c65b-456d-89bc-c4462a3c81a0',1000000.00,'2025-11-26 08:29:41','REFUND','UNPAID'),('61107e95-ca67-11f0-9a7c-581122e81fee','ef0402d7-1c41-436d-be2a-c92d5a998acb',6000000.00,'2025-11-26 08:29:41','REFUND','UNPAID'),('668a6b7a-ca60-11f0-9a7c-581122e81fee','3fa5e7da-7cf9-465f-b499-b0c456fea6e1',1000000.00,'2025-11-26 07:39:43','ROOM_CHARGE','PAID'),('66ad5503-ca75-11f0-bfeb-581122e81fee','2faae1df-710d-4347-a7d7-d04627a08279',6000000.00,'2025-11-26 10:10:03','ROOM_CHARGE','PAID'),('66ad5885-ca75-11f0-bfeb-581122e81fee','c6e0e05f-2938-4435-bde0-30abc3c9da98',1000000.00,'2025-11-26 10:10:03','ROOM_CHARGE','PAID'),('683a81f2-ca79-11f0-bfeb-581122e81fee','0ab721d0-d005-42af-88ef-161768eb7294',2400000.00,'2025-11-26 10:38:44','ROOM_CHARGE','PAID'),('683a85d0-ca79-11f0-bfeb-581122e81fee','75156e60-16a2-459d-bb22-b8154fb9cd4d',2400000.00,'2025-11-26 10:38:44','ROOM_CHARGE','PAID'),('6b790cf8-ca29-11f0-a7b3-581122e81fee','65066f34-4948-444e-b438-dc1989562c97',1000000.00,'2025-11-26 01:06:09','ROOM_CHARGE','PAID'),('6b790fb7-ca29-11f0-a7b3-581122e81fee','c54af5c0-e4b2-461a-97ea-30c8c01ee10d',1000000.00,'2025-11-26 01:06:09','ROOM_CHARGE','PAID'),('6c52846e-ca78-11f0-bfeb-581122e81fee','00d39375-65dd-4496-9f3c-2757972633ac',2400000.00,'2025-11-26 10:31:41','ROOM_CHARGE','PAID'),('6c528823-ca78-11f0-bfeb-581122e81fee','59631394-b3ce-4bf7-b086-07b7ac653c8e',2400000.00,'2025-11-26 10:31:41','ROOM_CHARGE','PAID'),('6c5288f8-ca78-11f0-bfeb-581122e81fee','7e7a2bcf-8290-47d6-b482-3eae0e341ea6',2400000.00,'2025-11-26 10:31:41','ROOM_CHARGE','PAID'),('6c528985-ca78-11f0-bfeb-581122e81fee','ec93f25b-8ec3-486b-8995-1073174a42af',2400000.00,'2025-11-26 10:31:41','ROOM_CHARGE','PAID'),('6c988360-ca76-11f0-bfeb-581122e81fee','6f68698e-2a18-4971-b4df-b72198439214',3600000.00,'2025-11-26 10:17:23','ROOM_CHARGE','PAID'),('6c98cd78-ca76-11f0-bfeb-581122e81fee','990e17ae-8bfe-415d-ab01-ee1d1138dbfd',3600000.00,'2025-11-26 10:17:23','ROOM_CHARGE','PAID'),('6c98d22c-ca76-11f0-bfeb-581122e81fee','cf9ce803-f88e-40b6-aff7-86fa1b43bbff',2400000.00,'2025-11-26 10:17:23','ROOM_CHARGE','PAID'),('6c98d58c-ca76-11f0-bfeb-581122e81fee','f58f4bb8-7eac-40ad-ba93-69bb657e9f75',2400000.00,'2025-11-26 10:17:23','ROOM_CHARGE','PAID'),('6d251e48-ca1d-11f0-a7b3-581122e81fee','c3552dd1-d598-4cab-8a60-c1dc49fb31a4',4500000.00,'2025-11-25 23:40:18','ROOM_CHARGE','PAID'),('6db991f6-ca74-11f0-bfeb-581122e81fee','4d264f26-9132-4a87-b46c-fa610662fc8d',6000000.00,'2025-11-26 10:03:05','ROOM_CHARGE','PAID'),('6db99452-ca74-11f0-bfeb-581122e81fee','c667220a-f6f6-4805-99c4-2a2ace7e1679',6000000.00,'2025-11-26 10:03:05','ROOM_CHARGE','PAID'),('6db99535-ca74-11f0-bfeb-581122e81fee','ce6eabf5-f7c7-4ac6-a780-83622ba6b967',6000000.00,'2025-11-26 10:03:05','ROOM_CHARGE','PAID'),('6e35fa77-ca06-11f0-a7b3-581122e81fee','bfc9e325-a044-4d94-8161-486ce673f7b9',1000000.00,'2025-11-25 20:55:42','REFUND','UNPAID'),('6fb43ec0-ca04-11f0-a7b3-581122e81fee','105ea1c8-f0de-4453-a4c5-e914ac85ad2d',4800000.00,'2025-11-25 20:41:25','ROOM_CHARGE','PAID'),('6fb445ee-ca04-11f0-a7b3-581122e81fee','ec690634-e1ab-4317-ba9b-bec50551982b',1000000.00,'2025-11-25 20:41:25','ROOM_CHARGE','PAID'),('726e6f90-ca05-11f0-a7b3-581122e81fee','4cf43b2d-feb2-461c-8464-8654a0133050',6000000.00,'2025-11-25 20:48:39','ROOM_CHARGE','PAID'),('726e731d-ca05-11f0-a7b3-581122e81fee','c7f0a78a-38c0-453c-a9d1-f41564b990d2',500000.00,'2025-11-25 20:48:39','ROOM_CHARGE','PAID'),('72f0e8ef-ca1e-11f0-a7b3-581122e81fee','d63193ec-3d5b-4ef2-b4c4-29d24e8674a3',4500000.00,'2025-11-25 23:47:37','ROOM_CHARGE','PAID'),('72f1131b-ca1e-11f0-a7b3-581122e81fee','fd9bc738-f453-472e-a008-50b2ec7500ca',4500000.00,'2025-11-25 23:47:37','ROOM_CHARGE','PAID'),('7561b46b-ca25-11f0-a7b3-581122e81fee','01bf460b-e114-4990-bf52-30d27441b2a1',9000000.00,'2025-11-26 00:37:48','ROOM_CHARGE','PAID'),('77c1231b-ca68-11f0-9a7c-581122e81fee','1045db8f-345b-498b-9492-290ecdfe1c25',1000000.00,'2025-11-26 08:37:28','ROOM_CHARGE','PAID'),('77c12bc3-ca68-11f0-9a7c-581122e81fee','21f1f07f-228a-4d63-b254-32bea008f057',1000000.00,'2025-11-26 08:37:28','ROOM_CHARGE','PAID'),('77c12dcc-ca68-11f0-9a7c-581122e81fee','5fa811a1-6a00-49f3-a5a6-3ad6e54ca4db',2400000.00,'2025-11-26 08:37:28','ROOM_CHARGE','PAID'),('77c12f26-ca68-11f0-9a7c-581122e81fee','90853f62-1091-47c7-a176-de2642103045',2400000.00,'2025-11-26 08:37:28','ROOM_CHARGE','PAID'),('77c130b3-ca68-11f0-9a7c-581122e81fee','c82e4cae-c051-49e4-90ae-7babc832a4cb',1000000.00,'2025-11-26 08:37:28','ROOM_CHARGE','PAID'),('77df3698-ca67-11f0-9a7c-581122e81fee','01cd7e2c-2dcc-434c-aa3b-24200b6840de',2400000.00,'2025-11-26 08:30:19','ROOM_CHARGE','PAID'),('77df42dd-ca67-11f0-9a7c-581122e81fee','53ad61c0-223f-4c66-85d3-b4ea82cffc06',2400000.00,'2025-11-26 08:30:19','ROOM_CHARGE','PAID'),('77df4625-ca67-11f0-9a7c-581122e81fee','e0a72074-16f3-48a7-a2ff-300ef965f47b',2400000.00,'2025-11-26 08:30:19','ROOM_CHARGE','PAID'),('782e8c24-ca14-11f0-a7b3-581122e81fee','588f5eb0-0313-4bac-830c-156cd24e9ce4',4800000.00,'2025-11-25 22:36:11','ROOM_CHARGE','PAID'),('782eba1b-ca14-11f0-a7b3-581122e81fee','804bdcf6-3d5e-4346-8506-808d45ac3707',1000000.00,'2025-11-25 22:36:11','ROOM_CHARGE','PAID'),('78afb18a-ca77-11f0-bfeb-581122e81fee','a377e56d-9605-4d90-8d1a-ea6e5168e30e',1000000.00,'2025-11-26 10:24:52','ROOM_CHARGE','PAID'),('78c5c8b8-ca2e-11f0-a7b3-581122e81fee','64d83dd4-b265-4f30-84e8-344b0c0eb4bb',2400000.00,'2025-11-26 01:42:19','ROOM_CHARGE','PAID'),('78c5cf03-ca2e-11f0-a7b3-581122e81fee','ad78a13f-d7c3-4805-86b0-a01b21182b44',2400000.00,'2025-11-26 01:42:19','ROOM_CHARGE','PAID'),('78c5cfc6-ca2e-11f0-a7b3-581122e81fee','c944acf1-a687-4eaf-99c3-b2d4dd72cdd4',1000000.00,'2025-11-26 01:42:19','ROOM_CHARGE','PAID'),('79392c1d-ca05-11f0-a7b3-581122e81fee','4cbf27c2-fd3b-41d4-ab33-7093035908ce',650000.00,'2025-11-25 20:48:51','SERVICE','UNPAID'),('7c59a388-ca18-11f0-a7b3-581122e81fee','7a014be0-60fc-4244-92db-a6551e987dd1',1600000.00,'2025-11-25 23:04:56','ROOM_CHARGE','PAID'),('7c87d38e-ca63-11f0-9a7c-581122e81fee','17980a12-2a55-4557-b5e6-699039bd5f08',9000000.00,'2025-11-26 08:01:49','ROOM_CHARGE','PAID'),('7c87e270-ca63-11f0-9a7c-581122e81fee','4b2da93d-3cc0-4838-8caf-b9785f3eea64',6000000.00,'2025-11-26 08:01:49','ROOM_CHARGE','PAID'),('7ca6cf27-ca78-11f0-bfeb-581122e81fee','0abb33cb-4b1a-4d28-a7f7-e14a6072aa23',1000000.00,'2025-11-26 10:32:08','ROOM_CHARGE','PAID'),('7ca6d400-ca78-11f0-bfeb-581122e81fee','bcc92775-0f39-422e-b1c3-d5b77c5d0872',1000000.00,'2025-11-26 10:32:08','ROOM_CHARGE','PAID'),('7d436739-ca1e-11f0-a7b3-581122e81fee','d63193ec-3d5b-4ef2-b4c4-29d24e8674a3',4500000.00,'2025-11-25 23:47:55','REFUND','UNPAID'),('7d43ef62-ca1e-11f0-a7b3-581122e81fee','fd9bc738-f453-472e-a008-50b2ec7500ca',4500000.00,'2025-11-25 23:47:55','REFUND','UNPAID'),('7d641ea3-ca14-11f0-a7b3-581122e81fee','588f5eb0-0313-4bac-830c-156cd24e9ce4',4800000.00,'2025-11-25 22:36:20','REFUND','UNPAID'),('7d6603d1-ca14-11f0-a7b3-581122e81fee','804bdcf6-3d5e-4346-8506-808d45ac3707',1000000.00,'2025-11-25 22:36:20','REFUND','UNPAID'),('8129c449-ca62-11f0-9a7c-581122e81fee','579de289-8f1a-4121-8a6e-f2d6990937c7',2400000.00,'2025-11-26 07:54:47','ROOM_CHARGE','PAID'),('8129d2f2-ca62-11f0-9a7c-581122e81fee','802db0fd-30e2-4746-9129-b345818f08e4',2400000.00,'2025-11-26 07:54:47','ROOM_CHARGE','PAID'),('8129d6a9-ca62-11f0-9a7c-581122e81fee','ad316571-27cc-470a-8419-cb3bf60de5f1',1000000.00,'2025-11-26 07:54:47','ROOM_CHARGE','PAID'),('83657112-ca28-11f0-a7b3-581122e81fee','0e96f349-2ebd-4659-a558-0d6dd651723f',4500000.00,'2025-11-26 00:59:40','ROOM_CHARGE','PAID'),('8365830c-ca28-11f0-a7b3-581122e81fee','86116284-c950-4e2a-86d5-9a0b11411bf7',3200000.00,'2025-11-26 00:59:40','ROOM_CHARGE','PAID'),('8365845b-ca28-11f0-a7b3-581122e81fee','c429104d-6558-4b6f-bfc0-1d304bd4d7ca',3200000.00,'2025-11-26 00:59:40','ROOM_CHARGE','PAID'),('88dc07e5-ca66-11f0-9a7c-581122e81fee','0aeba89f-0851-4599-8687-bc2f8e0774fd',1550000.00,'2025-11-26 08:23:38','SERVICE','UNPAID'),('895c224a-ca66-11f0-9a7c-581122e81fee','cfda2a2b-fdf7-4fc4-8117-a8f660b1fe5a',100000.00,'2025-11-26 08:23:39','SERVICE','UNPAID'),('89f5238d-ca0c-11f0-a7b3-581122e81fee','6c99d564-6a5c-4be3-aac6-40e20ca8d8eb',4800000.00,'2025-11-25 21:39:25','ROOM_CHARGE','PAID'),('8a7e1b79-ca66-11f0-9a7c-581122e81fee','39dadd09-9224-45cd-a83a-251a0769707f',6000000.00,'2025-11-26 08:23:41','ROOM_CHARGE','PAID'),('8a7e2f99-ca66-11f0-9a7c-581122e81fee','45d5c29f-9aba-4f48-9483-c65a6cdeda9b',6000000.00,'2025-11-26 08:23:41','ROOM_CHARGE','PAID'),('8d75a0f9-ca0d-11f0-a7b3-581122e81fee','14742af3-e9d0-4ee6-a8d9-52783f9b95a5',1550000.00,'2025-11-25 21:46:41','SERVICE','UNPAID'),('8d8684f1-ca0d-11f0-a7b3-581122e81fee','740ba582-a0d4-4a82-8eb7-bb707febeecf',150000.00,'2025-11-25 21:46:41','SERVICE','UNPAID'),('8dbbbcf8-ca25-11f0-a7b3-581122e81fee','23a4936c-046b-4fbc-8663-50763bd95242',150000.00,'2025-11-26 00:38:29','SERVICE','UNPAID'),('8dc188e7-ca25-11f0-a7b3-581122e81fee','38cb9e7d-ba18-48c1-b773-803ec04b8541',650000.00,'2025-11-26 00:38:29','SERVICE','UNPAID'),('8ddc5930-ca25-11f0-a7b3-581122e81fee','da49e55d-31b8-4b23-8e76-86b7fb602d87',1300000.00,'2025-11-26 00:38:29','SERVICE','UNPAID'),('8de00c38-ca25-11f0-a7b3-581122e81fee','f7e99f47-0568-4101-9855-0946284e334b',100000.00,'2025-11-26 00:38:29','SERVICE','UNPAID'),('8fefb39e-ca1e-11f0-a7b3-581122e81fee','6bb7d974-497c-41f4-a264-ffefe1f83198',1100000.00,'2025-11-25 23:48:26','SERVICE','UNPAID'),('90017dcc-ca1e-11f0-a7b3-581122e81fee','c3552dd1-d598-4cab-8a60-c1dc49fb31a4',100000.00,'2025-11-25 23:48:26','SERVICE','UNPAID'),('9033909d-ca06-11f0-a7b3-581122e81fee','4cf43b2d-feb2-461c-8464-8654a0133050',450000.00,'2025-11-25 20:56:39','SERVICE','UNPAID'),('90420d74-ca06-11f0-a7b3-581122e81fee','ca5daf73-3cff-450c-a1ff-093c16f8ece9',1800000.00,'2025-11-25 20:56:39','SERVICE','UNPAID'),('918b8756-ca60-11f0-9a7c-581122e81fee','20ac22ac-f51b-463b-857d-209695742c86',6000000.00,'2025-11-26 07:40:56','ROOM_CHARGE','PAID'),('918bb33b-ca60-11f0-9a7c-581122e81fee','ed6f9dde-c83d-4a1b-bc5d-aeff6f8207cc',9000000.00,'2025-11-26 07:40:56','ROOM_CHARGE','PAID'),('949bf7d6-ca76-11f0-bfeb-581122e81fee','7d0c87a0-07ed-4bf1-afcc-7877f80547e3',3600000.00,'2025-11-26 10:18:30','SERVICE','UNPAID'),('95cf692b-ca06-11f0-a7b3-581122e81fee','d652163a-1ba0-4dd9-ab2a-81f52a10ea39',4500000.00,'2025-11-25 20:56:48','ROOM_CHARGE','PAID'),('95cf6bc7-ca06-11f0-a7b3-581122e81fee','d6735454-a2f6-42cc-b330-930c43e312bf',1600000.00,'2025-11-25 20:56:48','ROOM_CHARGE','PAID'),('95cf7f38-ca06-11f0-a7b3-581122e81fee','ddad7c3d-1436-4735-82b0-91414b9c7c08',1600000.00,'2025-11-25 20:56:48','ROOM_CHARGE','PAID'),('98d22039-ca1c-11f0-a7b3-581122e81fee','566231cb-2bd3-44a8-ab3c-ab820dfb235e',4500000.00,'2025-11-25 23:34:22','ROOM_CHARGE','PAID'),('98d2470d-ca1c-11f0-a7b3-581122e81fee','e7f240b1-cdcf-4740-98d1-d25fb18dd36f',4500000.00,'2025-11-25 23:34:22','ROOM_CHARGE','PAID'),('9992871f-ca1e-11f0-a7b3-581122e81fee','89a2f4b6-a897-45a3-923f-eb030b8f4442',1000000.00,'2025-11-25 23:48:42','ROOM_CHARGE','PAID'),('9ab012f4-ca14-11f0-a7b3-581122e81fee','b55ce919-68d1-44e7-b98e-a44e7bc8ba68',150000.00,'2025-11-25 22:37:09','SERVICE','UNPAID'),('a3447641-ca27-11f0-a7b3-581122e81fee','d8eb7074-bf1f-4e90-ab34-d6e65a700316',4800000.00,'2025-11-26 00:53:24','ROOM_CHARGE','PAID'),('a4ca6e81-ca03-11f0-a7b3-581122e81fee','af0c6fb9-dbfe-4a54-a86a-c470bbdaa923',250000.00,'2025-11-25 20:35:45','SERVICE','UNPAID'),('a509b7b4-ca1d-11f0-a7b3-581122e81fee','1134594e-331a-487b-88bd-66511cd2722e',1000000.00,'2025-11-25 23:41:52','ROOM_CHARGE','PAID'),('a509bae9-ca1d-11f0-a7b3-581122e81fee','e8c6ce23-cf42-4f24-9b03-f8b3990bbbd2',1000000.00,'2025-11-25 23:41:52','ROOM_CHARGE','PAID'),('a672574b-ca2f-11f0-a7b3-581122e81fee','47c4237c-71b2-4cf4-a063-7b1d82f36382',6000000.00,'2025-11-26 01:50:45','ROOM_CHARGE','PAID'),('a6725b92-ca2f-11f0-a7b3-581122e81fee','9a66f891-40ae-4478-a64e-a9749ff13fbb',6000000.00,'2025-11-26 01:50:45','ROOM_CHARGE','PAID'),('a6d155fb-ca29-11f0-a7b3-581122e81fee','7e94117b-5f93-4422-9397-d2f234788df6',4500000.00,'2025-11-26 01:07:49','ROOM_CHARGE','PAID'),('a6d1596e-ca29-11f0-a7b3-581122e81fee','d2b6cb43-49ff-4461-bb58-51902a399d3d',4500000.00,'2025-11-26 01:07:49','ROOM_CHARGE','PAID'),('a70c6257-ca65-11f0-9a7c-581122e81fee','38ee8916-0c6a-474d-a3df-7e6e8f97f53f',4800000.00,'2025-11-26 08:17:19','ROOM_CHARGE','PAID'),('aa5100b1-ca64-11f0-9a7c-581122e81fee','2da71f4e-4a71-4d5d-9e8a-8cff58cdec19',6000000.00,'2025-11-26 08:10:15','ROOM_CHARGE','PAID'),('aa510fbf-ca64-11f0-9a7c-581122e81fee','6d564518-865d-4919-9630-049f997f291b',1000000.00,'2025-11-26 08:10:15','ROOM_CHARGE','PAID'),('ac3e45b1-ca1c-11f0-a7b3-581122e81fee','566231cb-2bd3-44a8-ab3c-ab820dfb235e',4500000.00,'2025-11-25 23:34:55','REFUND','UNPAID'),('ac4017e7-ca1c-11f0-a7b3-581122e81fee','e7f240b1-cdcf-4740-98d1-d25fb18dd36f',4500000.00,'2025-11-25 23:34:55','REFUND','UNPAID'),('b1938365-ca23-11f0-a7b3-581122e81fee','77b88815-3f97-46aa-b10f-ef44f871c23a',3200000.00,'2025-11-26 00:25:10','ROOM_CHARGE','PAID'),('b193b248-ca23-11f0-a7b3-581122e81fee','78629666-2324-40c3-b749-b936b4c9fe1c',4500000.00,'2025-11-26 00:25:10','ROOM_CHARGE','PAID'),('b193b328-ca23-11f0-a7b3-581122e81fee','a1bd51cc-0cb6-4907-a994-23fe880aa3a3',3200000.00,'2025-11-26 00:25:10','ROOM_CHARGE','PAID'),('b3543d78-ca61-11f0-9a7c-581122e81fee','0d23f6d7-bd94-45e0-9f97-fc6476770c33',2400000.00,'2025-11-26 07:49:02','ROOM_CHARGE','PAID'),('b354458f-ca61-11f0-9a7c-581122e81fee','60d4b75a-cf43-434b-a9ef-ff78f83ae2e3',2400000.00,'2025-11-26 07:49:02','ROOM_CHARGE','PAID'),('b3ad97cb-ca07-11f0-a7b3-581122e81fee','6770dc5a-f67d-4071-9171-67c145a8ba8f',4500000.00,'2025-11-25 21:04:48','ROOM_CHARGE','PAID'),('b4d284dc-ca23-11f0-a7b3-581122e81fee','77b88815-3f97-46aa-b10f-ef44f871c23a',3200000.00,'2025-11-26 00:25:15','REFUND','UNPAID'),('b4d3457d-ca23-11f0-a7b3-581122e81fee','78629666-2324-40c3-b749-b936b4c9fe1c',4500000.00,'2025-11-26 00:25:15','REFUND','UNPAID'),('b4d3befa-ca23-11f0-a7b3-581122e81fee','a1bd51cc-0cb6-4907-a994-23fe880aa3a3',3200000.00,'2025-11-26 00:25:15','REFUND','UNPAID'),('b4fcc198-ca30-11f0-a7b3-581122e81fee','18ca8be5-ec96-4ae0-94db-7d8e96261d76',9000000.00,'2025-11-26 01:58:19','ROOM_CHARGE','PAID'),('b74de8be-ca61-11f0-9a7c-581122e81fee','0d23f6d7-bd94-45e0-9f97-fc6476770c33',2400000.00,'2025-11-26 07:49:08','REFUND','UNPAID'),('b74ef61f-ca61-11f0-9a7c-581122e81fee','60d4b75a-cf43-434b-a9ef-ff78f83ae2e3',2400000.00,'2025-11-26 07:49:08','REFUND','UNPAID'),('b752c1ef-ca77-11f0-bfeb-581122e81fee','bfd1de90-0c84-461a-8742-b558e8f9edd4',9000000.00,'2025-11-26 10:26:37','ROOM_CHARGE','PAID'),('b752c622-ca77-11f0-bfeb-581122e81fee','e5508e57-435e-46ed-8c9c-e59aa52a1355',6000000.00,'2025-11-26 10:26:37','ROOM_CHARGE','PAID'),('b7adeceb-ca0d-11f0-a7b3-581122e81fee','2a6d3b7b-ef35-40fd-b13a-3eabac52388b',4800000.00,'2025-11-25 21:47:51','ROOM_CHARGE','PAID'),('b7adf15d-ca0d-11f0-a7b3-581122e81fee','cde780f5-6c8a-40ad-a0de-072abf6e8af9',4800000.00,'2025-11-25 21:47:51','ROOM_CHARGE','PAID'),('b87014da-ca66-11f0-9a7c-581122e81fee','e5a29143-a60f-4ab0-9da9-e8dd41e32219',2400000.00,'2025-11-26 08:24:58','ROOM_CHARGE','PAID'),('b8fc7626-ca75-11f0-bfeb-581122e81fee','61dc5a71-ada9-4d3e-9899-833aa2eea59c',2400000.00,'2025-11-26 10:12:21','ROOM_CHARGE','PAID'),('b8fc78b1-ca75-11f0-bfeb-581122e81fee','6cbbdb8e-6d79-4dba-9455-08882f5e2f6d',2400000.00,'2025-11-26 10:12:21','ROOM_CHARGE','PAID'),('bb60b4ec-ca6a-11f0-9a7c-581122e81fee','45d4d34a-e875-43e0-9607-df5ed7d261aa',400000.00,'2025-11-26 08:53:41','SERVICE','UNPAID'),('bc6ea0c6-ca63-11f0-9a7c-581122e81fee','17980a12-2a55-4557-b5e6-699039bd5f08',250000.00,'2025-11-26 08:03:36','SERVICE','UNPAID'),('bcade5b8-ca30-11f0-a7b3-581122e81fee','a00b63bb-bd96-43f6-8d3c-ad01bb0381ee',350000.00,'2025-11-26 01:58:32','SERVICE','UNPAID'),('bcb9a0cd-ca30-11f0-a7b3-581122e81fee','d2c45093-119c-4547-a001-424739596ef9',900000.00,'2025-11-26 01:58:32','SERVICE','UNPAID'),('bda89024-ca24-11f0-a7b3-581122e81fee','23a4936c-046b-4fbc-8663-50763bd95242',2400000.00,'2025-11-26 00:32:40','ROOM_CHARGE','PAID'),('bf9b193d-ca29-11f0-a7b3-581122e81fee','0e96f349-2ebd-4659-a558-0d6dd651723f',1650000.00,'2025-11-26 01:08:31','SERVICE','UNPAID'),('c0f164e1-ca74-11f0-bfeb-581122e81fee','45038723-b63c-4735-8d73-0800359b713f',2400000.00,'2025-11-26 10:05:25','ROOM_CHARGE','PAID'),('c78a6fca-ca05-11f0-a7b3-581122e81fee','ca5daf73-3cff-450c-a1ff-093c16f8ece9',6000000.00,'2025-11-25 20:51:02','ROOM_CHARGE','PAID'),('c7b14fe9-ca78-11f0-bfeb-581122e81fee','0abb33cb-4b1a-4d28-a7f7-e14a6072aa23',1000000.00,'2025-11-26 10:34:14','REFUND','UNPAID'),('c7b333af-ca78-11f0-bfeb-581122e81fee','bcc92775-0f39-422e-b1c3-d5b77c5d0872',1000000.00,'2025-11-26 10:34:14','REFUND','UNPAID'),('cbfe8e4b-ca2f-11f0-a7b3-581122e81fee','a00b63bb-bd96-43f6-8d3c-ad01bb0381ee',2400000.00,'2025-11-26 01:51:48','ROOM_CHARGE','PAID'),('cc003f9e-ca10-11f0-a7b3-581122e81fee','1228fc47-e8cb-47e1-b34c-a62aa5d58e07',2400000.00,'2025-11-25 22:09:54','ROOM_CHARGE','PAID'),('cc006399-ca10-11f0-a7b3-581122e81fee','ad80d6aa-fbf8-4de7-9bcd-1289a48c0c77',1000000.00,'2025-11-25 22:09:54','ROOM_CHARGE','PAID'),('cc006494-ca10-11f0-a7b3-581122e81fee','f43a74f6-2d66-459a-90ab-4ff1f9db98bb',2400000.00,'2025-11-25 22:09:54','ROOM_CHARGE','PAID'),('cd0a7324-ca1c-11f0-a7b3-581122e81fee','517ec93a-2c15-4a7b-8f8a-e2908bb08cf4',1000000.00,'2025-11-25 23:35:50','ROOM_CHARGE','PAID'),('cd0a7811-ca1c-11f0-a7b3-581122e81fee','7ad634b3-b228-4dc7-a65b-e146a112e54a',2400000.00,'2025-11-25 23:35:50','ROOM_CHARGE','PAID'),('ce57a110-ca1e-11f0-a7b3-581122e81fee','f9c995a3-4621-46c0-a992-06f1601eb87f',9000000.00,'2025-11-25 23:50:11','ROOM_CHARGE','PAID'),('cf0cf5d0-ca64-11f0-9a7c-581122e81fee','5a27824d-a20c-4c64-94f6-e83c7664817d',6000000.00,'2025-11-26 08:11:17','ROOM_CHARGE','PAID'),('d09e4176-ca18-11f0-a7b3-581122e81fee','dd52d772-52bc-481e-b199-6383fc7c22f4',1000000.00,'2025-11-25 23:07:18','ROOM_CHARGE','PAID'),('d0c12fd6-ca17-11f0-a7b3-581122e81fee','692e6a8c-ca75-4b06-87a6-b97856987235',4500000.00,'2025-11-25 23:00:08','ROOM_CHARGE','PAID'),('d0c151d5-ca17-11f0-a7b3-581122e81fee','a73fdb82-a024-4e0c-81fa-587930db712f',4500000.00,'2025-11-25 23:00:08','ROOM_CHARGE','PAID'),('d1171dd8-ca63-11f0-9a7c-581122e81fee','c9d805e6-fd15-4514-9ac9-45b1f668abc0',2400000.00,'2025-11-26 08:04:11','ROOM_CHARGE','PAID'),('d252d4e2-ca23-11f0-a7b3-581122e81fee','324642c8-3c05-4602-8ca8-3e88e013f2de',1000000.00,'2025-11-26 00:26:05','ROOM_CHARGE','PAID'),('d2fc7b04-ca61-11f0-9a7c-581122e81fee','878cc672-1283-46b9-8a51-020a277c13c1',9000000.00,'2025-11-26 07:49:55','ROOM_CHARGE','PAID'),('d4302876-ca2e-11f0-a7b3-581122e81fee','089d1387-90f6-4968-a3cf-9a59501599d1',4800000.00,'2025-11-26 01:44:53','ROOM_CHARGE','PAID'),('d98997fc-ca62-11f0-9a7c-581122e81fee','988d0b6a-ddb3-4c8d-8622-f41b60a62920',4800000.00,'2025-11-26 07:57:15','ROOM_CHARGE','PAID'),('da5162cc-ca67-11f0-9a7c-581122e81fee','4900517d-e2cf-405f-bafe-7729af4eb250',9000000.00,'2025-11-26 08:33:04','ROOM_CHARGE','PAID'),('dc053227-ca60-11f0-9a7c-581122e81fee','0f68fbfa-ec1b-478d-88cc-4d121e12ecea',6000000.00,'2025-11-26 07:43:01','ROOM_CHARGE','PAID'),('dc0539c2-ca60-11f0-9a7c-581122e81fee','f651e03c-7caa-4ed0-ae98-1bd7bab413af',6000000.00,'2025-11-26 07:43:01','ROOM_CHARGE','PAID'),('e11796ae-ca0d-11f0-a7b3-581122e81fee','aca01d44-97b0-42b8-8c07-2fc4b20e5efa',4500000.00,'2025-11-25 21:49:01','ROOM_CHARGE','PAID'),('e1bdc61c-ca28-11f0-a7b3-581122e81fee','147aa129-90cb-4244-ac04-2952b3312a7f',1000000.00,'2025-11-26 01:02:18','ROOM_CHARGE','PAID'),('e252b498-ca78-11f0-bfeb-581122e81fee','7fb7cce9-bcc1-466d-8ebe-09ced245ca51',1000000.00,'2025-11-26 10:34:59','ROOM_CHARGE','PAID'),('e252b861-ca78-11f0-bfeb-581122e81fee','c7cac725-0d20-4144-b942-0068ce4da396',1000000.00,'2025-11-26 10:34:59','ROOM_CHARGE','PAID'),('e252b931-ca78-11f0-bfeb-581122e81fee','fc5693cf-a6eb-4512-be2b-3affd68f1257',1000000.00,'2025-11-26 10:34:59','ROOM_CHARGE','PAID'),('e252b9b1-ca78-11f0-bfeb-581122e81fee','fd531a87-b0cf-4c49-8e36-4ae7cadd37f2',1000000.00,'2025-11-26 10:34:59','ROOM_CHARGE','PAID'),('e333cebc-ca1d-11f0-a7b3-581122e81fee','6bb7d974-497c-41f4-a264-ffefe1f83198',1600000.00,'2025-11-25 23:43:36','ROOM_CHARGE','PAID'),('e333d1ba-ca1d-11f0-a7b3-581122e81fee','ad09e374-1db2-4fae-98f8-54dc770d6617',4800000.00,'2025-11-25 23:43:36','ROOM_CHARGE','PAID'),('e3502d94-ca60-11f0-9a7c-581122e81fee','0f68fbfa-ec1b-478d-88cc-4d121e12ecea',6000000.00,'2025-11-26 07:43:13','REFUND','UNPAID'),('e351f59a-ca60-11f0-9a7c-581122e81fee','f651e03c-7caa-4ed0-ae98-1bd7bab413af',6000000.00,'2025-11-26 07:43:13','REFUND','UNPAID'),('e6c4aaf9-ca65-11f0-9a7c-581122e81fee','2332eb2a-857e-4ab2-a4ee-279b25591764',3200000.00,'2025-11-26 08:19:06','ROOM_CHARGE','PAID'),('e6c4b6b1-ca65-11f0-9a7c-581122e81fee','aeda2cec-4d5f-4b73-9b37-36c4a435170d',4500000.00,'2025-11-26 08:19:06','ROOM_CHARGE','PAID'),('e6c4bb96-ca65-11f0-9a7c-581122e81fee','e4ca6914-9d53-4873-bbe3-ac22a65b7e1b',3200000.00,'2025-11-26 08:19:06','ROOM_CHARGE','PAID'),('e7c11f44-ca02-11f0-a7b3-581122e81fee','91f62ac0-12b3-4d8e-a256-796132ccb370',1000000.00,'2025-11-25 20:30:27','ROOM_CHARGE','PAID'),('e7c413c8-ca02-11f0-a7b3-581122e81fee','af0c6fb9-dbfe-4a54-a86a-c470bbdaa923',2400000.00,'2025-11-25 20:30:27','ROOM_CHARGE','PAID'),('e7c41509-ca02-11f0-a7b3-581122e81fee','b72d75ae-b182-4ade-a381-e577203ae542',2400000.00,'2025-11-25 20:30:27','ROOM_CHARGE','PAID'),('e824f8a2-ca0d-11f0-a7b3-581122e81fee','aca01d44-97b0-42b8-8c07-2fc4b20e5efa',4500000.00,'2025-11-25 21:49:13','REFUND','UNPAID'),('eb7bb72a-ca68-11f0-9a7c-581122e81fee','73630469-daf8-4842-9dea-b73f3470e9e4',4800000.00,'2025-11-26 08:40:42','ROOM_CHARGE','PAID'),('eb7bc15d-ca68-11f0-9a7c-581122e81fee','e6406952-1c91-4699-b06d-ab4bfc69c9c1',4800000.00,'2025-11-26 08:40:42','ROOM_CHARGE','PAID'),('ef264caf-ca67-11f0-9a7c-581122e81fee','53ad61c0-223f-4c66-85d3-b4ea82cffc06',350000.00,'2025-11-26 08:33:39','SERVICE','UNPAID'),('ef626e8a-ca67-11f0-9a7c-581122e81fee','b958f71b-2df7-4ffc-91a7-58579ed3fdf0',2300000.00,'2025-11-26 08:33:40','SERVICE','UNPAID'),('ef6a9f5c-ca67-11f0-9a7c-581122e81fee','e0a72074-16f3-48a7-a2ff-300ef965f47b',500000.00,'2025-11-26 08:33:40','SERVICE','UNPAID'),('ef756ab6-ca67-11f0-9a7c-581122e81fee','fbbab1f9-d1d3-4ca2-8fbf-95f478dc660e',250000.00,'2025-11-26 08:33:40','SERVICE','UNPAID'),('f04f2e20-ca60-11f0-9a7c-581122e81fee','20ac22ac-f51b-463b-857d-209695742c86',550000.00,'2025-11-26 07:43:35','SERVICE','UNPAID'),('f0a298e8-ca60-11f0-9a7c-581122e81fee','ed6f9dde-c83d-4a1b-bc5d-aeff6f8207cc',250000.00,'2025-11-26 07:43:35','SERVICE','UNPAID'),('f156d4e6-ca73-11f0-bfeb-581122e81fee','b941901e-8274-4c92-b879-a18f2e6b61f6',1000000.00,'2025-11-26 09:59:37','ROOM_CHARGE','PAID'),('f247d3a0-ca03-11f0-a7b3-581122e81fee','572e9582-cf32-4bad-8384-6ba55fcdbe96',2400000.00,'2025-11-25 20:37:55','ROOM_CHARGE','PAID'),('f24a053f-ca0c-11f0-a7b3-581122e81fee','451d3e8a-a79f-421d-9e1b-61cb718f779f',1000000.00,'2025-11-25 21:42:20','ROOM_CHARGE','PAID'),('f24a0825-ca0c-11f0-a7b3-581122e81fee','740ba582-a0d4-4a82-8eb7-bb707febeecf',1000000.00,'2025-11-25 21:42:20','ROOM_CHARGE','PAID'),('f3a81f7c-ca26-11f0-a7b3-581122e81fee','01bf460b-e114-4990-bf52-30d27441b2a1',3450000.00,'2025-11-26 00:48:29','SERVICE','UNPAID'),('f6119651-ca07-11f0-a7b3-581122e81fee','6770dc5a-f67d-4071-9171-67c145a8ba8f',2000000.00,'2025-11-25 21:06:39','SERVICE','UNPAID'),('f613750b-ca1f-11f0-a7b3-581122e81fee','f9c995a3-4621-46c0-a992-06f1601eb87f',900000.00,'2025-11-25 23:58:27','SERVICE','UNPAID'),('f6192849-ca07-11f0-a7b3-581122e81fee','d652163a-1ba0-4dd9-ab2a-81f52a10ea39',700000.00,'2025-11-25 21:06:39','SERVICE','UNPAID'),('f6992ecc-ca66-11f0-9a7c-581122e81fee','089e6896-826f-4f3e-b25a-11161d5dc462',1000000.00,'2025-11-26 08:26:42','ROOM_CHARGE','PAID'),('f69937cf-ca66-11f0-9a7c-581122e81fee','46270d4c-501b-47d9-9a6c-24ac52fc3791',1000000.00,'2025-11-26 08:26:42','ROOM_CHARGE','PAID'),('f69939f1-ca66-11f0-9a7c-581122e81fee','9d1158e5-58d8-4a72-abd8-7a4afd609c09',1000000.00,'2025-11-26 08:26:42','ROOM_CHARGE','PAID'),('f6993c52-ca66-11f0-9a7c-581122e81fee','ccde7de6-6ff6-44ff-9d1b-d2f50ee57249',1000000.00,'2025-11-26 08:26:42','ROOM_CHARGE','PAID'),('f6993dc6-ca66-11f0-9a7c-581122e81fee','fb5728b1-b232-4b8a-a6dc-374b35fdb398',1000000.00,'2025-11-26 08:26:42','ROOM_CHARGE','PAID'),('f738f898-ca65-11f0-9a7c-581122e81fee','cfda2a2b-fdf7-4fc4-8117-a8f660b1fe5a',1000000.00,'2025-11-26 08:19:34','ROOM_CHARGE','PAID'),('f780e100-ca74-11f0-bfeb-581122e81fee','2252ea9e-7333-4701-a23b-bcca5ac9f04c',1000000.00,'2025-11-26 10:06:57','ROOM_CHARGE','PAID'),('f780e90c-ca74-11f0-bfeb-581122e81fee','3e66ec49-eb59-4fed-8bb8-959098c226b6',1000000.00,'2025-11-26 10:06:57','ROOM_CHARGE','PAID'),('f8030534-ca60-11f0-9a7c-581122e81fee','f96b0fa3-698f-41d0-b572-1ea384fa9f18',2400000.00,'2025-11-26 07:43:48','ROOM_CHARGE','PAID'),('f8a21aa2-ca18-11f0-a7b3-581122e81fee','13917c5f-0e4e-4d32-9f4f-c548ce32c735',350000.00,'2025-11-25 23:08:25','SERVICE','UNPAID'),('f8b67e7c-ca18-11f0-a7b3-581122e81fee','a73fdb82-a024-4e0c-81fa-587930db712f',1800000.00,'2025-11-25 23:08:25','SERVICE','UNPAID'),('f8cd4f7a-ca28-11f0-a7b3-581122e81fee','62a65993-6b32-4d24-9db1-d7e1e67d43b1',9000000.00,'2025-11-26 01:02:57','ROOM_CHARGE','PAID'),('f8cd5875-ca28-11f0-a7b3-581122e81fee','cdcddf34-82d5-4eef-b8c9-ab3a52160b4c',6000000.00,'2025-11-26 01:02:57','ROOM_CHARGE','PAID'),('f924d534-ca24-11f0-a7b3-581122e81fee','38776a6e-9e81-4176-9db8-f27ce60acec9',1000000.00,'2025-11-26 00:34:20','ROOM_CHARGE','PAID'),('f924d7d6-ca24-11f0-a7b3-581122e81fee','f7e99f47-0568-4101-9855-0946284e334b',1000000.00,'2025-11-26 00:34:20','ROOM_CHARGE','PAID'),('fa6465e4-ca23-11f0-a7b3-581122e81fee','5c735c1c-6d38-4b25-ac74-d59ae8542d4a',9000000.00,'2025-11-26 00:27:12','ROOM_CHARGE','PAID'),('fa64689a-ca23-11f0-a7b3-581122e81fee','da49e55d-31b8-4b23-8e76-86b7fb602d87',6000000.00,'2025-11-26 00:27:12','ROOM_CHARGE','PAID'),('fc37c536-ca74-11f0-bfeb-581122e81fee','2252ea9e-7333-4701-a23b-bcca5ac9f04c',1000000.00,'2025-11-26 10:07:04','REFUND','UNPAID'),('fc389a7e-ca74-11f0-bfeb-581122e81fee','3e66ec49-eb59-4fed-8bb8-959098c226b6',1000000.00,'2025-11-26 10:07:05','REFUND','UNPAID'),('fd8d9932-ca66-11f0-9a7c-581122e81fee','b958f71b-2df7-4ffc-91a7-58579ed3fdf0',4500000.00,'2025-11-26 08:26:54','ROOM_CHARGE','PAID'),('fd8dd90e-ca66-11f0-9a7c-581122e81fee','fbbab1f9-d1d3-4ca2-8fbf-95f478dc660e',4500000.00,'2025-11-26 08:26:54','ROOM_CHARGE','PAID'),('fe3c6419-ca68-11f0-9a7c-581122e81fee','45d4d34a-e875-43e0-9607-df5ed7d261aa',3200000.00,'2025-11-26 08:41:14','ROOM_CHARGE','PAID'),('fe3c8499-ca68-11f0-9a7c-581122e81fee','8f16429b-0b81-49b8-9335-daf0de1e6636',4500000.00,'2025-11-26 08:41:14','ROOM_CHARGE','PAID'),('fe3c885c-ca68-11f0-9a7c-581122e81fee','db3ceea5-5526-4994-9d7b-7d41f378a513',3200000.00,'2025-11-26 08:41:14','ROOM_CHARGE','PAID');
/*!40000 ALTER TABLE `bill` ENABLE KEYS */;
UNLOCK TABLES;

--
-- Table structure for table `emp`
--

DROP TABLE IF EXISTS `emp`;
/*!40101 SET @saved_cs_client     = @@character_set_client */;
/*!50503 SET character_set_client = utf8mb4 */;
CREATE TABLE `emp` (
  `id` int NOT NULL AUTO_INCREMENT,
  `firstName` varchar(50) NOT NULL,
  `lastName` varchar(50) NOT NULL,
  `dateOfBirth` date DEFAULT NULL,
  `identityNum` varchar(50) NOT NULL,
  `email` varchar(50) NOT NULL,
  `phone` varchar(50) NOT NULL,
  `address` varchar(255) DEFAULT NULL,
  `role` int NOT NULL,
  PRIMARY KEY (`id`),
  UNIQUE KEY `identityNum` (`identityNum`),
  UNIQUE KEY `email` (`email`),
  UNIQUE KEY `phone` (`phone`),
  KEY `role` (`role`),
  CONSTRAINT `emp_ibfk_1` FOREIGN KEY (`role`) REFERENCES `role` (`id`)
) ENGINE=InnoDB AUTO_INCREMENT=23 DEFAULT CHARSET=utf8mb4 COLLATE=utf8mb4_0900_ai_ci;
/*!40101 SET character_set_client = @saved_cs_client */;

--
-- Dumping data for table `emp`
--

LOCK TABLES `emp` WRITE;
/*!40000 ALTER TABLE `emp` DISABLE KEYS */;
INSERT INTO `emp` VALUES (1,'Tuấn Anh','Nguyễn Duy',NULL,'11111','anhndt@gmail.com','11111','',1),(2,'Sỹ','Thân Văn',NULL,'22222','sytv@gmail.com','22222',NULL,1),(3,'Anh','Nguyen Van','1990-03-15','EMP000001','anh.nguyenvan@example.com','0901000001','Hà Nội',2),(4,'Binh','Tran Quang','1988-07-22','EMP000002','binh.tranquang@example.com','0901000002','TP. Hồ Chí Minh',2),(5,'Chi','Le Thu','1992-01-10','EMP000003','chi.lethu@example.com','0901000003','Đà Nẵng',2),(6,'Dung','Pham Minh','1985-11-05','EMP000004','dung.phamminh@example.com','0901000004','Hải Phòng',2),(7,'Hoa','Vu Thi','1993-04-19','EMP000005','hoa.vuthi@example.com','0901000005','Cần Thơ',2),(8,'Khanh','Do Tien','1987-09-09','EMP000006','khanh.dotien@example.com','0901000006','Nha Trang',2),(9,'Linh','Phan Gia','1995-12-30','EMP000007','linh.phangia@example.com','0901000007','Huế',2),(10,'Minh','Huynh Duc','1989-06-14','EMP000008','minh.huynhduc@example.com','0901000008','Biên Hòa',2),(11,'Nga','Dang Thi','1991-02-03','EMP000009','nga.dangthi@example.com','0901000009','Vũng Tàu',2),(12,'Phong','Bui Anh','1986-08-27','EMP000010','phong.buianh@example.com','0901000010','Hà Nội',2),(13,'Quang','Ngo Viet','1994-05-11','EMP000011','quang.ngoviet@example.com','0901000011','TP. Hồ Chí Minh',2),(14,'Son','Ho Tuan','1983-10-02','EMP000012','son.hotuan@example.com','0901000012','Đà Nẵng',2),(15,'Trang','Nguyen Thi','1996-03-21','EMP000013','trang.nguyenthi@example.com','0901000013','Hải Phòng',2),(16,'Vy','Le Khanh','1997-07-08','EMP000014','vy.lekhanh@example.com','0901000014','Cần Thơ',2),(17,'Tuan','Pham Anh','1984-01-17','EMP000015','tuan.phamanh@example.com','0901000015','Nha Trang',2),(18,'Hieu','Do Van','1990-09-25','EMP000016','hieu.dovan@example.com','0901000016','Huế',2),(19,'Thu','Vu Ngoc','1993-12-05','EMP000017','thu.vungoc@example.com','0901000017','Biên Hòa',2),(20,'Yen','Phan Thi','1989-04-28','EMP000018','yen.phanthi@example.com','0901000018','Vũng Tàu',2),(21,'Nhat','Tran Duc','1986-06-19','EMP000019','nhat.tranduc@example.com','0901000019','Hà Nội',2),(22,'Long','Nguyen Huu','1988-02-14','EMP000020','long.nguyenhuu@example.com','0901000020','TP. Hồ Chí Minh',2),(23,'chualong','',NULL,'321','cmd@gmail.com','0329636906','321',2);
/*!40000 ALTER TABLE `emp` ENABLE KEYS */;
UNLOCK TABLES;

--
-- Table structure for table `guest`
--

DROP TABLE IF EXISTS `guest`;
/*!40101 SET @saved_cs_client     = @@character_set_client */;
/*!50503 SET character_set_client = utf8mb4 */;
CREATE TABLE `guest` (
  `id` int NOT NULL AUTO_INCREMENT,
  `firstName` varchar(50) NOT NULL,
  `lastName` varchar(50) NOT NULL,
  `identityNum` varchar(50) NOT NULL,
  `phone` varchar(50) NOT NULL,
  `dateOfBirth` date DEFAULT NULL,
  PRIMARY KEY (`id`),
  UNIQUE KEY `identityNum` (`identityNum`),
  UNIQUE KEY `phone` (`phone`)
) ENGINE=InnoDB AUTO_INCREMENT=101 DEFAULT CHARSET=utf8mb4 COLLATE=utf8mb4_0900_ai_ci;
/*!40101 SET character_set_client = @saved_cs_client */;

--
-- Dumping data for table `guest`
--

LOCK TABLES `guest` WRITE;
/*!40000 ALTER TABLE `guest` DISABLE KEYS */;
INSERT INTO `guest` VALUES (1,'An','Nguyễn','079123000001','0912000001',NULL),(2,'Bình','Trần','079123000002','0912000002',NULL),(3,'Chi','Lê','079123000003','0912000003',NULL),(4,'Dũng','Phạm','079123000004','0912000004',NULL),(5,'Hoa','Hoàng','079123000005','0912000005',NULL),(6,'Khánh','Vũ','079123000006','0912000006',NULL),(7,'Linh','Võ','079123000007','0912000007',NULL),(8,'Minh','Đặng','079123000008','0912000008',NULL),(9,'Nga','Bùi','079123000009','0912000009',NULL),(10,'Phong','Đỗ','079123000010','0912000010',NULL),(11,'Quang','Nguyễn','079123000011','0912000011',NULL),(12,'Sơn','Trần','079123000012','0912000012',NULL),(13,'Trang','Lê','079123000013','0912000013',NULL),(14,'Vy','Phạm','079123000014','0912000014',NULL),(15,'Tuấn','Hoàng','079123000015','0912000015',NULL),(16,'Hiếu','Vũ','079123000016','0912000016',NULL),(17,'Thu','Võ','079123000017','0912000017',NULL),(18,'Yến','Đặng','079123000018','0912000018',NULL),(19,'Nhật','Bùi','079123000019','0912000019',NULL),(20,'Long','Đỗ','079123000020','0912000020',NULL),(21,'Hạnh','Nguyễn','079123000021','0912000021',NULL),(22,'Phúc','Trần','079123000022','0912000022',NULL),(23,'Tài','Lê','079123000023','0912000023',NULL),(24,'Thảo','Phạm','079123000024','0912000024',NULL),(25,'Lan','Hoàng','079123000025','0912000025',NULL),(26,'Diệp','Vũ','079123000026','0912000026',NULL),(27,'Giang','Võ','079123000027','0912000027',NULL),(28,'Hương','Đặng','079123000028','0912000028',NULL),(29,'Quyên','Bùi','079123000029','0912000029',NULL),(30,'Thiện','Đỗ','079123000030','0912000030',NULL),(31,'Nam','Nguyễn','079123000031','0912000031',NULL),(32,'Hà','Trần','079123000032','0912000032',NULL),(33,'My','Lê','079123000033','0912000033',NULL),(34,'Thủy','Phạm','079123000034','0912000034',NULL),(35,'Tâm','Hoàng','079123000035','0912000035',NULL),(36,'Trung','Vũ','079123000036','0912000036',NULL),(37,'Kiên','Võ','079123000037','0912000037',NULL),(38,'Đạt','Đặng','079123000038','0912000038',NULL),(39,'Phương','Bùi','079123000039','0912000039',NULL),(40,'Ly','Đỗ','079123000040','0912000040',NULL),(41,'Thương','Nguyễn','079123000041','0912000041',NULL),(42,'Nhàn','Trần','079123000042','0912000042',NULL),(43,'Tiến','Lê','079123000043','0912000043',NULL),(44,'Việt','Phạm','079123000044','0912000044',NULL),(45,'Hậu','Hoàng','079123000045','0912000045',NULL),(46,'Luật','Vũ','079123000046','0912000046',NULL),(47,'Cường','Võ','079123000047','0912000047',NULL),(48,'Đức','Đặng','079123000048','0912000048',NULL),(49,'Khoa','Bùi','079123000049','0912000049',NULL),(50,'Toàn','Đỗ','079123000050','0912000050',NULL),(51,'An','Nguyễn','079123000051','0912000051',NULL),(52,'Bình','Trần','079123000052','0912000052',NULL),(53,'Chi','Lê','079123000053','0912000053',NULL),(54,'Dũng','Phạm','079123000054','0912000054',NULL),(55,'Hoa','Hoàng','079123000055','0912000055',NULL),(56,'Khánh','Vũ','079123000056','0912000056',NULL),(57,'Linh','Võ','079123000057','0912000057',NULL),(58,'Minh','Đặng','079123000058','0912000058',NULL),(59,'Nga','Bùi','079123000059','0912000059',NULL),(60,'Phong','Đỗ','079123000060','0912000060',NULL),(61,'Quang','Nguyễn','079123000061','0912000061',NULL),(62,'Sơn','Trần','079123000062','0912000062',NULL),(63,'Trang','Lê','079123000063','0912000063',NULL),(64,'Vy','Phạm','079123000064','0912000064',NULL),(65,'Tuấn','Hoàng','079123000065','0912000065',NULL),(66,'Hiếu','Vũ','079123000066','0912000066',NULL),(67,'Thu','Võ','079123000067','0912000067',NULL),(68,'Yến','Đặng','079123000068','0912000068',NULL),(69,'Nhật','Bùi','079123000069','0912000069',NULL),(70,'Long','Đỗ','079123000070','0912000070',NULL),(71,'Hạnh','Nguyễn','079123000071','0912000071',NULL),(72,'Phúc','Trần','079123000072','0912000072',NULL),(73,'Tài','Lê','079123000073','0912000073',NULL),(74,'Thảo','Phạm','079123000074','0912000074',NULL),(75,'Lan','Hoàng','079123000075','0912000075',NULL),(76,'Diệp','Vũ','079123000076','0912000076',NULL),(77,'Giang','Võ','079123000077','0912000077',NULL),(78,'Hương','Đặng','079123000078','0912000078',NULL),(79,'Quyên','Bùi','079123000079','0912000079',NULL),(80,'Thiện','Đỗ','079123000080','0912000080',NULL),(81,'Nam','Nguyễn','079123000081','0912000081',NULL),(82,'Hà','Trần','079123000082','0912000082',NULL),(83,'My','Lê','079123000083','0912000083',NULL),(84,'Thủy','Phạm','079123000084','0912000084',NULL),(85,'Tâm','Hoàng','079123000085','0912000085',NULL),(86,'Trung','Vũ','079123000086','0912000086',NULL),(87,'Kiên','Võ','079123000087','0912000087',NULL),(88,'Đạt','Đặng','079123000088','0912000088',NULL),(89,'Phương','Bùi','079123000089','0912000089',NULL),(90,'Ly','Đỗ','079123000090','0912000090',NULL),(91,'Thương','Nguyễn','079123000091','0912000091',NULL),(92,'Nhàn','Trần','079123000092','0912000092',NULL),(93,'Tiến','Lê','079123000093','0912000093',NULL),(94,'Việt','Phạm','079123000094','0912000094',NULL),(95,'Hậu','Hoàng','079123000095','0912000095',NULL),(96,'Luật','Vũ','079123000096','0912000096',NULL),(97,'Cường','Võ','079123000097','0912000097',NULL),(98,'Đức','Đặng','079123000098','0912000098',NULL),(99,'Khoa','Bùi','079123000099','0912000099',NULL),(100,'Toàn','Đỗ','079123000100','0912000100',NULL);
/*!40000 ALTER TABLE `guest` ENABLE KEYS */;
UNLOCK TABLES;

--
-- Table structure for table `reservation`
--

DROP TABLE IF EXISTS `reservation`;
/*!40101 SET @saved_cs_client     = @@character_set_client */;
/*!50503 SET character_set_client = utf8mb4 */;
CREATE TABLE `reservation` (
  `id` varchar(36) NOT NULL,
  `guestId` int NOT NULL,
  `totalAmount` decimal(10,2) NOT NULL,
  `createdBy` int NOT NULL,
  `status` enum('PENDING_PAYMENT','CONFIRMED','CANCELLED','PENDING_EXPIRED') NOT NULL,
  `bookingDate` datetime NOT NULL,
  PRIMARY KEY (`id`),
  KEY `FK_reservation_guest` (`guestId`),
  KEY `FK_reservation_user` (`createdBy`),
  CONSTRAINT `FK_reservation_guest` FOREIGN KEY (`guestId`) REFERENCES `guest` (`id`) ON DELETE CASCADE,
  CONSTRAINT `FK_reservation_user` FOREIGN KEY (`createdBy`) REFERENCES `user` (`id`)
) ENGINE=InnoDB DEFAULT CHARSET=utf8mb4 COLLATE=utf8mb4_0900_ai_ci;
/*!40101 SET character_set_client = @saved_cs_client */;

--
-- Dumping data for table `reservation`
--

LOCK TABLES `reservation` WRITE;
/*!40000 ALTER TABLE `reservation` DISABLE KEYS */;
INSERT INTO `reservation` VALUES ('0443498f-53cb-4e8e-8859-79391f4405ee',34,9000000.00,22,'CONFIRMED','2025-11-26 10:14:19'),('0492a29c-1970-4dc9-a2e6-89b0617795f5',21,9000000.00,22,'CONFIRMED','2025-11-26 01:10:51'),('066e330f-efe0-4da5-8fa8-1f03e0c5a221',29,2000000.00,6,'CANCELLED','2025-11-26 01:53:19'),('076e3a26-6601-4579-995e-d5b6658768ba',17,2400000.00,1,'CONFIRMED','2025-11-26 08:03:59'),('0b6092b7-be58-4c0b-8e7d-ea3e32a35ae5',39,15000000.00,15,'CANCELLED','2025-11-26 10:30:15'),('0c34e16d-4166-4904-a557-78865a7832e0',11,5800000.00,3,'CONFIRMED','2025-11-26 07:54:33'),('0c3fd6c5-1467-4c57-829f-fbd5c1359aec',12,9000000.00,13,'CONFIRMED','2025-11-25 23:02:57'),('0c984adf-45fd-4202-be4a-3064c01cab38',10,5800000.00,2,'PENDING_EXPIRED','2025-11-26 00:52:41'),('0c9e2f9c-dcc3-4574-99dd-5228cc00e031',13,10900000.00,10,'CONFIRMED','2025-11-26 08:18:51'),('10dfaf3d-c115-4f9e-bca8-5ec94e73c53b',17,2400000.00,1,'CONFIRMED','2025-11-26 07:43:33'),('1312a210-7ffc-48b6-8d1a-ff1529e4740b',38,1000000.00,12,'CONFIRMED','2025-11-26 10:24:35'),('1646fb79-1b05-4480-a3b5-201e6f8ede65',44,54400000.00,2,'CONFIRMED','2025-11-26 10:37:07'),('17c2c1de-5ddb-4157-bd8b-c05d1ca9cc92',26,1000000.00,12,'CONFIRMED','2025-11-26 09:58:59'),('1a91109f-ba14-43e6-83af-6ee635891830',24,10900000.00,13,'PENDING_EXPIRED','2025-11-26 01:46:43'),('1afc0db9-a294-4514-8de7-d9edd8af9e69',21,7200000.00,16,'CONFIRMED','2025-11-26 08:30:05'),('1e5d882e-bc70-410f-be17-f447edbdaa39',8,5800000.00,19,'CONFIRMED','2025-11-25 22:09:09'),('2483791d-19d7-49d6-97f9-ac14a11ba1bb',5,2400000.00,3,'CONFIRMED','2025-11-25 20:37:21'),('25bb9c54-32fb-4ec5-99a0-e53390bf86ae',4,2000000.00,12,'CONFIRMED','2025-11-25 21:42:02'),('2920c66d-5a28-48ec-8122-099ea4828e5b',63,1000000.00,19,'CANCELLED','2025-11-25 20:53:49'),('2c7cf819-3205-412b-9634-2cdc5850ac7c',11,5800000.00,3,'CONFIRMED','2025-11-26 07:22:56'),('3024139f-1c96-4fdf-82d7-77645e03e812',30,9000000.00,15,'CONFIRMED','2025-11-25 20:45:09'),('3288b1e5-6188-4a3a-b07d-b93f3abbcea1',37,15000000.00,17,'CONFIRMED','2025-11-26 00:26:52'),('39073b72-e2fb-4c27-8698-b071f883ec37',12,5800000.00,3,'CONFIRMED','2025-11-25 20:40:56'),('3b1b600a-8269-4069-a0e6-26190957c295',18,5000000.00,6,'CONFIRMED','2025-11-26 08:26:08'),('3eea0627-c749-4cb2-8842-c13e2c90f0f1',22,5800000.00,4,'CONFIRMED','2025-11-26 01:42:04'),('40cd2553-2444-4148-8d7e-f0046f6c3651',21,5800000.00,4,'CONFIRMED','2025-11-25 23:30:05'),('45bfd2be-2c7f-4dc2-b012-87ba869b1a88',37,10900000.00,10,'CONFIRMED','2025-11-26 10:23:00'),('4867f58a-fe39-41e2-98ad-da386e45425e',21,4800000.00,16,'PENDING_EXPIRED','2025-11-26 08:10:36'),('49c72482-3e6f-4b1d-91b2-0fbdcdb3b9f1',44,15400000.00,22,'CONFIRMED','2025-11-26 10:36:01'),('4bf03187-e1f3-43f0-bb0b-f286293f6cbc',28,2400000.00,1,'CONFIRMED','2025-11-26 01:51:33'),('54022fa1-f787-47dd-86eb-ae9d6d48ab36',40,2000000.00,6,'CONFIRMED','2025-11-26 00:34:04'),('5710efa6-c145-481a-9bcf-43dff91d3ded',13,10900000.00,10,'CONFIRMED','2025-11-26 07:38:41'),('5aeb6d35-b392-4510-9abf-7ea3f64bf43e',25,10900000.00,10,'CONFIRMED','2025-11-26 08:41:01'),('5cc9a885-4708-4e8c-a702-6b15ce8d26ac',35,5800000.00,3,'CONFIRMED','2025-11-26 10:22:02'),('5d5efb45-427a-42cb-8f1a-8d8eeb9a0cc2',20,4800000.00,11,'CANCELLED','2025-11-26 01:10:01'),('5eaa7697-fbbb-468b-b337-c1827a6171b8',30,9000000.00,1,'CANCELLED','2025-11-25 23:46:40'),('66fce467-0f6a-4ad4-bdbb-1a9db8b9e5b8',33,9000000.00,13,'CONFIRMED','2025-11-26 01:58:07'),('67aa5221-5e8e-4a3e-bd9c-ec3e42f181c8',70,7700000.00,1,'CONFIRMED','2025-11-25 20:56:08'),('6a031ea6-ee26-44fb-a7d7-f6564d6ab4b5',21,4800000.00,16,'CANCELLED','2025-11-26 07:48:50'),('6ae45b6d-cef0-4e73-9278-7eb8461baade',31,7000000.00,11,'CONFIRMED','2025-11-26 01:54:41'),('6c709e0d-f2e3-484a-8ded-5546ef819722',17,2000000.00,20,'CONFIRMED','2025-11-26 01:05:51'),('6d9961c8-dd65-4f1f-bc20-6f92ef9c697f',32,7000000.00,11,'CONFIRMED','2025-11-26 10:09:26'),('6e084967-38d7-43fb-9131-9da5e50419e5',12,4800000.00,7,'CONFIRMED','2025-11-26 07:56:53'),('6fb23e2f-151b-4c6a-a8f2-8c4f254429af',32,4800000.00,16,'PENDING_EXPIRED','2025-11-26 01:57:45'),('70825cf6-6d34-4602-9dbe-ff4f2066fe19',12,10900000.00,7,'CONFIRMED','2025-11-26 00:59:20'),('727361f8-9587-4c49-9675-22f81da42415',31,9000000.00,8,'CONFIRMED','2025-11-26 10:07:23'),('731662af-f652-42f4-852c-a09b91fe7523',15,12000000.00,15,'CANCELLED','2025-11-26 01:03:14'),('76cae5bc-c6b5-4b4c-80aa-75b90817bee3',11,9000000.00,8,'CONFIRMED','2025-11-25 22:59:50'),('77254523-5172-4cf5-82ed-521980d04973',15,15000000.00,15,'CONFIRMED','2025-11-26 08:20:27'),('79f50338-35b7-4e84-ad1c-00a31f1dbd1d',25,9000000.00,18,'CONFIRMED','2025-11-25 23:37:26'),('7fa6d91f-639f-4ea5-b2b8-c194689ea16a',14,12000000.00,17,'PENDING_EXPIRED','2025-11-25 23:06:20'),('7ff94d5f-398d-4808-86a1-80f8248029b7',45,4800000.00,13,'CONFIRMED','2025-11-26 10:38:31'),('8100fbec-3016-4470-b89b-6d1fa4593230',22,9000000.00,22,'CONFIRMED','2025-11-26 08:32:46'),('83d1a88f-ed63-4246-bf69-985e9957d123',24,4800000.00,7,'PENDING_EXPIRED','2025-11-26 08:40:07'),('8645a320-a058-43e8-901f-c69598e4fa45',80,9000000.00,20,'CONFIRMED','2025-11-25 21:02:00'),('88661f28-e47f-49db-9d7f-60bed2d072f7',55,6000000.00,11,'CONFIRMED','2025-11-25 20:50:47'),('8b1bd3db-d846-46ab-85f7-f04c570a7ec7',19,9000000.00,8,'CONFIRMED','2025-11-26 08:26:25'),('8b324870-4f47-439e-b9d6-bd919aa6f69f',11,4800000.00,5,'CONFIRMED','2025-11-26 00:53:01'),('8b59dd37-4a5c-4205-8e7b-f0beeb6ec908',13,10900000.00,10,'CONFIRMED','2025-11-26 07:58:51'),('8dbb1691-d805-4ef0-844a-98979bc8f18c',44,12000000.00,11,'PENDING_EXPIRED','2025-11-26 10:17:50'),('8dbe9585-6edc-43a2-a2d4-0692093c0dd1',14,1000000.00,12,'CONFIRMED','2025-11-26 07:39:23'),('917e1055-eb47-46d3-b325-579bd92717a0',22,6000000.00,22,'CONFIRMED','2025-11-26 08:11:03'),('936c0f54-0643-4fd6-88eb-542dd84507c4',29,2400000.00,1,'CONFIRMED','2025-11-26 10:05:14'),('965066a4-8ab9-4f55-92cb-8e587816c14d',41,9000000.00,6,'CONFIRMED','2025-11-26 00:35:57'),('995d25cb-7420-4b73-a148-daa4dd03101d',15,15000000.00,15,'CONFIRMED','2025-11-26 07:40:40'),('9964e6b4-a74f-4fe9-a60f-0b0fe46f4d22',18,2000000.00,6,'CONFIRMED','2025-11-26 07:45:12'),('9decffc9-cb43-428b-a66a-6bceaa068e69',18,9000000.00,3,'CONFIRMED','2025-11-26 01:07:20'),('9e47042a-2530-4cb0-b4b8-0b9fda043451',34,4800000.00,9,'PENDING_EXPIRED','2025-11-26 00:24:26'),('a1721e3a-2e22-40ba-a42b-9fe4398ef17c',29,6400000.00,7,'CONFIRMED','2025-11-25 23:43:13'),('a270ec06-fdaa-40d9-9b33-64ebc0765ced',42,7000000.00,11,'PENDING_EXPIRED','2025-11-26 00:36:32'),('a5242d6f-8754-488f-9558-fac517f65343',26,4000000.00,7,'CONFIRMED','2025-11-26 10:34:45'),('a6521880-38da-45dc-a270-25556e88f056',23,9000000.00,14,'CANCELLED','2025-11-25 23:34:05'),('a810b114-14bf-4ec1-aabc-e6216a5198bc',12,4800000.00,7,'CONFIRMED','2025-11-26 08:17:03'),('a8a348fa-fbac-4ccd-be99-0267d35a06d9',28,2000000.00,22,'CONFIRMED','2025-11-25 23:41:36'),('aa576103-5778-4bc9-9c60-6cb5484f4823',39,2400000.00,1,'CONFIRMED','2025-11-26 00:32:23'),('ab23b470-c997-4a72-9e9f-a75b7b831242',41,6500000.00,2,'CONFIRMED','2025-11-25 20:48:17'),('ab2e92a8-8b57-4146-b46a-ec3095cdf583',27,4500000.00,11,'CONFIRMED','2025-11-25 23:39:58'),('adcaf70a-c8f9-4176-a84c-6378f278ec5f',11,5800000.00,5,'CONFIRMED','2025-11-25 20:28:46'),('ae98eaa3-e414-4922-b1b7-89f3db23b166',16,2400000.00,18,'CONFIRMED','2025-11-26 01:04:01'),('aeb11571-1753-44fa-bd72-ffdee7b28ebf',6,9600000.00,5,'CONFIRMED','2025-11-25 21:47:39'),('b13bf5c7-055b-45b9-abb3-145b538945b5',30,2000000.00,1,'CANCELLED','2025-11-26 10:06:14'),('b14ef47a-d595-49ad-a774-d0c7afcf3cbc',20,7000000.00,11,'CONFIRMED','2025-11-26 08:10:00'),('b17d2719-c6b0-4eca-a868-71786b0a5bc3',33,4800000.00,16,'CONFIRMED','2025-11-26 10:12:06'),('b2329265-e422-4cab-ad0b-738050b52667',36,1000000.00,2,'CONFIRMED','2025-11-26 00:25:44'),('b2f7aa18-67ae-41d3-84e1-012f5452934a',5,8400000.00,15,'CONFIRMED','2025-11-25 21:44:22'),('b610fc62-adcd-4258-834c-f7692235b8df',23,7800000.00,3,'CONFIRMED','2025-11-26 08:37:03'),('b7eed59d-55dd-471c-821e-5a1094b53215',19,9000000.00,8,'CONFIRMED','2025-11-26 08:07:34'),('b892e19e-09ae-441b-8351-ab5a26ecdf6d',32,12000000.00,13,'CONFIRMED','2025-11-26 10:17:05'),('bb4f0279-5130-4c24-bcd2-4ef95d39dfd4',39,15000000.00,15,'CONFIRMED','2025-11-26 10:26:24'),('bb8cd13d-5b59-4945-8ce5-43bb39753e7e',7,4500000.00,19,'CANCELLED','2025-11-25 21:48:44'),('bc4f3edc-5d00-4be1-921d-074211dab403',16,9400000.00,11,'CONFIRMED','2025-11-25 23:08:51'),('bcb70580-801c-42ad-afc0-f9f4ae4ca5f7',18,2000000.00,6,'CANCELLED','2025-11-26 08:06:39'),('be10c0fc-ab99-4243-9804-af63098b1536',15,15000000.00,15,'CONFIRMED','2025-11-26 08:01:29'),('be6a0d73-5fba-4096-a93d-d12b9b9a144a',13,1000000.00,9,'CONFIRMED','2025-11-26 01:01:50'),('c016df8d-8220-4b42-b285-76940d91edca',35,10900000.00,12,'CANCELLED','2025-11-26 00:24:52'),('c25eb665-a638-44c7-bcf4-2118fe275b24',44,6400000.00,13,'CONFIRMED','2025-11-25 21:06:52'),('c28ee040-5ff5-4dd4-a457-4d668f0884ed',27,15000000.00,15,'CONFIRMED','2025-11-26 10:00:42'),('c3878492-02bc-42b0-b7fb-979703c5809d',11,5800000.00,3,'PENDING_EXPIRED','2025-11-26 08:16:49'),('c6615c68-7e03-44ef-a678-f685026702bd',14,15000000.00,12,'CONFIRMED','2025-11-26 01:02:35'),('c7591000-f88e-4f46-a14b-b58658035260',30,9000000.00,8,'CONFIRMED','2025-11-26 01:54:03'),('c84aa88e-0fdb-4f43-aebf-af6776174a66',22,9000000.00,22,'CONFIRMED','2025-11-26 07:49:38'),('d10cd26a-5532-4286-a704-37862df9993d',33,5800000.00,5,'CONFIRMED','2025-11-26 00:21:29'),('d20317b1-2963-48c2-8f7f-5f612d1915cf',23,4800000.00,9,'CONFIRMED','2025-11-26 01:44:36'),('d24ffd34-c512-4377-9dd6-d0c7eba694e6',16,12000000.00,18,'PENDING_EXPIRED','2025-11-26 08:03:43'),('d257933b-8460-42de-a473-a296cf5b972f',28,18000000.00,18,'CONFIRMED','2025-11-26 10:02:53'),('d3d58f3c-66e1-4853-9e74-3c50ad461338',40,12000000.00,18,'PENDING_EXPIRED','2025-11-26 10:31:06'),('d3ecad59-8a98-49b8-9d9d-e96e1e9a0e66',31,1000000.00,16,'CONFIRMED','2025-11-25 23:48:13'),('d5646d2c-3242-48b5-b8ab-c27b9bf1b0db',1,5800000.00,3,'PENDING_EXPIRED','2025-11-25 21:38:34'),('d6b450e4-5d02-49de-88b6-0eab77d6db0f',14,1000000.00,12,'CONFIRMED','2025-11-26 08:19:21'),('d769c64c-623c-4639-b690-e94941616ccc',26,9600000.00,2,'CONFIRMED','2025-11-25 23:39:17'),('d980bded-2f88-4de8-915c-7d11ae8e102a',38,12000000.00,21,'CONFIRMED','2025-11-26 00:29:33'),('da35d20b-f8a9-49e0-85a7-982e713ec809',36,4800000.00,7,'PENDING_EXPIRED','2025-11-26 10:22:37'),('da88a1f9-2a66-4962-a277-cedd9d37c6e5',16,12000000.00,18,'CANCELLED','2025-11-26 07:42:44'),('daada6d0-523e-45b0-b197-590b0a9308a4',20,7000000.00,11,'CANCELLED','2025-11-26 08:29:14'),('db2e944c-6a58-4e13-acec-01b36fec287e',14,1000000.00,12,'CONFIRMED','2025-11-26 07:59:27'),('dc673616-9ba2-4448-b261-2b98627a047c',12,4800000.00,7,'CONFIRMED','2025-11-26 07:24:02'),('dd224c1d-71e2-4647-ab66-968c5c18106e',9,4800000.00,2,'CONFIRMED','2025-11-25 22:27:46'),('df90e6cb-c377-4bd8-94fd-290e3a270af7',27,12000000.00,18,'CONFIRMED','2025-11-26 01:50:32'),('e176b8f8-4fc6-4082-bcce-343b6651e271',90,4500000.00,8,'CONFIRMED','2025-11-25 21:04:31'),('e2b68eea-66db-4415-9941-313d00bb5894',16,12000000.00,18,'CONFIRMED','2025-11-26 08:23:27'),('e2f73f42-71b3-4795-b716-1d921e1851d6',41,9600000.00,1,'CONFIRMED','2025-11-26 10:31:29'),('e34ae98e-208e-4eb3-a598-14783afcb140',42,2000000.00,6,'CANCELLED','2025-11-26 10:31:56'),('e4318ae5-5ca3-4366-a470-092d7565abb9',22,4800000.00,9,'PENDING_EXPIRED','2025-11-25 23:33:46'),('e47b449d-5a58-43b4-a7ed-65fa0aeb732b',25,1000000.00,2,'CONFIRMED','2025-11-26 01:47:03'),('e5762f40-d10a-44d0-9ef0-641277633f92',19,9000000.00,8,'PENDING_EXPIRED','2025-11-26 07:46:12'),('e57a5147-a6dd-4014-8fa4-4bcfaf503b6a',24,9600000.00,7,'CONFIRMED','2025-11-26 08:40:27'),('e849fc83-2ae4-4aa6-972c-2df9b352a27a',13,1600000.00,17,'CONFIRMED','2025-11-25 23:04:39'),('e84e4a01-5263-4057-82f4-1dafeaa0b7b2',20,7000000.00,11,'CONFIRMED','2025-11-26 07:46:28'),('eabdbe89-9957-4250-831e-521befa8c5d0',3,9000000.00,10,'PENDING_EXPIRED','2025-11-25 21:41:33'),('ec4bd945-9680-4b70-9753-479695bcb72f',26,15000000.00,15,'CONFIRMED','2025-11-26 01:48:23'),('ed89bfd3-c27e-4fff-971e-85e2e699ae90',46,12000000.00,10,'PENDING_PAYMENT','2025-11-26 10:37:45'),('eef73908-e44a-4aa0-ac0e-14c7e3c7d89b',10,5800000.00,6,'CANCELLED','2025-11-25 22:35:44'),('ef88e279-45ad-4afd-a189-816661d0d9cf',24,3400000.00,6,'CONFIRMED','2025-11-25 23:35:27'),('f30fce7b-0ff7-4b08-960b-36db432e1945',44,9000000.00,22,'CONFIRMED','2025-11-26 00:37:32'),('f342c604-e62d-4be7-8def-704bc5eb73c3',15,1000000.00,4,'CONFIRMED','2025-11-25 23:06:56'),('f7e46ee6-a53c-4b81-90d7-ed35aa0a5cb2',32,9000000.00,22,'CONFIRMED','2025-11-25 23:49:50'),('f81aaea3-2577-45c5-822d-205bde6c56e1',17,2400000.00,1,'CONFIRMED','2025-11-26 08:24:42'),('fd34bee2-66dd-4374-b0ab-1bbd904effa7',19,7000000.00,3,'PENDING_EXPIRED','2025-11-26 01:09:44'),('ffb33687-869d-40f3-be82-3024b973c013',2,4800000.00,7,'CONFIRMED','2025-11-25 21:39:01');
/*!40000 ALTER TABLE `reservation` ENABLE KEYS */;
UNLOCK TABLES;

--
-- Table structure for table `reservationguest`
--

DROP TABLE IF EXISTS `reservationguest`;
/*!40101 SET @saved_cs_client     = @@character_set_client */;
/*!50503 SET character_set_client = utf8mb4 */;
CREATE TABLE `reservationguest` (
  `id` bigint NOT NULL AUTO_INCREMENT,
  `reservationRoomId` varchar(36) NOT NULL,
  `guestId` int NOT NULL,
  `checkInAt` datetime DEFAULT NULL,
  `checkOutAt` datetime DEFAULT NULL,
  PRIMARY KEY (`id`),
  UNIQUE KEY `UK_resguest_room_guest` (`reservationRoomId`,`guestId`),
  KEY `FK_resguest_guest` (`guestId`),
  CONSTRAINT `FK_resguest_guest` FOREIGN KEY (`guestId`) REFERENCES `guest` (`id`) ON DELETE CASCADE,
  CONSTRAINT `FK_resguest_resroom` FOREIGN KEY (`reservationRoomId`) REFERENCES `reservationroom` (`id`) ON DELETE CASCADE
) ENGINE=InnoDB DEFAULT CHARSET=utf8mb4 COLLATE=utf8mb4_0900_ai_ci;
/*!40101 SET character_set_client = @saved_cs_client */;

--
-- Dumping data for table `reservationguest`
--

LOCK TABLES `reservationguest` WRITE;
/*!40000 ALTER TABLE `reservationguest` DISABLE KEYS */;
INSERT INTO `reservationguest` (`reservationRoomId`, `guestId`, `checkInAt`, `checkOutAt`) VALUES ('01bf460b-e114-4990-bf52-30d27441b2a1',49,'2025-05-28 12:00:00','2025-05-31 14:00:00'),('01bf460b-e114-4990-bf52-30d27441b2a1',50,'2025-05-28 12:00:00','2025-05-31 14:00:00'),('01cd7e2c-2dcc-434c-aa3b-24200b6840de',82,NULL,NULL),('01cd7e2c-2dcc-434c-aa3b-24200b6840de',83,NULL,NULL),('089d1387-90f6-4968-a3cf-9a59501599d1',15,'2025-07-03 12:00:00','2025-07-07 14:00:00'),('089d1387-90f6-4968-a3cf-9a59501599d1',16,'2025-07-03 12:00:00','2025-07-07 14:00:00'),('089d1387-90f6-4968-a3cf-9a59501599d1',17,'2025-07-03 12:00:00','2025-07-07 14:00:00'),('089d1387-90f6-4968-a3cf-9a59501599d1',18,'2025-07-04 12:00:00','2025-07-07 14:00:00'),('09ed4e1e-4cdf-403d-8f33-2773a206be29',89,'2025-06-15 12:00:00','2025-06-18 14:00:00'),('09ed4e1e-4cdf-403d-8f33-2773a206be29',90,'2025-06-15 12:00:00','2025-06-18 14:00:00'),('0ab721d0-d005-42af-88ef-161768eb7294',75,'2025-12-25 12:00:00',NULL),('0ab721d0-d005-42af-88ef-161768eb7294',76,NULL,NULL),('0aeba89f-0851-4599-8687-bc2f8e0774fd',27,'2025-10-10 12:00:00','2025-10-13 14:00:00'),('0aeba89f-0851-4599-8687-bc2f8e0774fd',28,'2025-10-10 12:00:00','2025-10-13 14:00:00'),('0e96f349-2ebd-4659-a558-0d6dd651723f',70,'2025-06-05 12:00:00','2025-06-08 14:00:00'),('1045db8f-345b-498b-9492-290ecdfe1c25',92,'2025-11-01 12:00:00','2025-11-03 14:00:00'),('105ea1c8-f0de-4453-a4c5-e914ac85ad2d',15,'2025-03-04 12:00:00','2025-03-08 14:00:00'),('105ea1c8-f0de-4453-a4c5-e914ac85ad2d',16,'2025-03-05 12:00:00','2025-03-08 14:00:00'),('105ea1c8-f0de-4453-a4c5-e914ac85ad2d',17,NULL,NULL),('105ea1c8-f0de-4453-a4c5-e914ac85ad2d',18,'2025-03-04 12:00:00','2025-03-08 14:00:00'),('1134594e-331a-487b-88bd-66511cd2722e',69,NULL,NULL),('13917c5f-0e4e-4d32-9f4f-c548ce32c735',48,'2025-02-20 12:00:00','2025-02-23 14:00:00'),('14742af3-e9d0-4ee6-a8d9-52783f9b95a5',16,'2025-01-25 12:00:00','2025-01-27 14:00:00'),('14742af3-e9d0-4ee6-a8d9-52783f9b95a5',17,'2025-01-26 12:00:00','2025-01-27 14:00:00'),('17980a12-2a55-4557-b5e6-699039bd5f08',26,'2025-09-10 12:00:00','2025-09-13 14:00:00'),('17ceb988-4129-4fce-bb3f-7ce7d850b646',85,'2025-03-26 12:00:00','2025-03-28 14:00:00'),('188f113e-14ba-46ac-b892-0680cc520dd3',40,'2025-08-18 12:00:00','2025-08-20 14:00:00'),('18ca8be5-ec96-4ae0-94db-7d8e96261d76',55,'2025-07-28 12:00:00','2025-07-31 14:00:00'),('18ca8be5-ec96-4ae0-94db-7d8e96261d76',56,NULL,NULL),('1dcf8c3a-8d3c-41c0-8114-fb6965fb798d',66,NULL,NULL),('1dcf8c3a-8d3c-41c0-8114-fb6965fb798d',67,NULL,NULL),('1e932a66-c68b-465b-b341-97b3124707b4',43,'2025-04-03 12:00:00','2025-04-05 14:00:00'),('1e932a66-c68b-465b-b341-97b3124707b4',44,'2025-04-03 12:00:00','2025-04-05 14:00:00'),('20ac22ac-f51b-463b-857d-209695742c86',27,'2025-08-10 12:00:00','2025-08-14 14:00:00'),('20ac22ac-f51b-463b-857d-209695742c86',28,'2025-08-10 12:00:00','2025-08-14 14:00:00'),('21f1f07f-228a-4d63-b254-32bea008f057',93,'2025-11-01 12:00:00','2025-11-03 14:00:00'),('23a4936c-046b-4fbc-8663-50763bd95242',32,'2025-05-15 12:00:00','2025-05-18 14:00:00'),('23a4936c-046b-4fbc-8663-50763bd95242',33,'2025-05-16 12:00:00','2025-05-18 14:00:00'),('2faae1df-710d-4347-a7d7-d04627a08279',47,'2025-11-22 12:00:00',NULL),('2faae1df-710d-4347-a7d7-d04627a08279',48,'2025-11-22 12:00:00',NULL),('2faae1df-710d-4347-a7d7-d04627a08279',49,'2025-11-22 12:00:00',NULL),('2faae1df-710d-4347-a7d7-d04627a08279',50,'2025-11-22 12:00:00',NULL),('324642c8-3c05-4602-8ca8-3e88e013f2de',20,NULL,NULL),('38776a6e-9e81-4176-9db8-f27ce60acec9',35,'2025-05-18 12:00:00','2025-05-20 14:00:00'),('38bbc6a2-f218-4ec9-b3fc-9b7038bd6b0a',30,'2025-03-10 12:00:00','2025-03-13 14:00:00'),('38cb9e7d-ba18-48c1-b773-803ec04b8541',25,'2025-05-12 12:00:00','2025-05-17 14:00:00'),('38cb9e7d-ba18-48c1-b773-803ec04b8541',26,'2025-05-12 12:00:00','2025-05-17 14:00:00'),('38cb9e7d-ba18-48c1-b773-803ec04b8541',27,'2025-05-13 12:00:00','2025-05-17 14:00:00'),('38ee8916-0c6a-474d-a3df-7e6e8f97f53f',66,'2025-10-03 12:00:00','2025-10-07 14:00:00'),('38ee8916-0c6a-474d-a3df-7e6e8f97f53f',67,'2025-10-03 12:00:00','2025-10-07 14:00:00'),('38ee8916-0c6a-474d-a3df-7e6e8f97f53f',68,NULL,NULL),('38ee8916-0c6a-474d-a3df-7e6e8f97f53f',69,NULL,NULL),('3a2585a1-c57b-4c73-acf2-837fec41f84b',29,'2025-10-10 12:00:00','2025-10-14 14:00:00'),('3a2585a1-c57b-4c73-acf2-837fec41f84b',30,'2025-10-10 12:00:00','2025-10-14 14:00:00'),('3c75b236-166a-4ea5-8ac5-7b624dbac69e',44,'2025-03-26 12:00:00','2025-03-28 14:00:00'),('3c75b236-166a-4ea5-8ac5-7b624dbac69e',45,'2025-03-26 12:00:00','2025-03-30 14:00:00'),('3c75b236-166a-4ea5-8ac5-7b624dbac69e',46,NULL,NULL),('3fa5e7da-7cf9-465f-b499-b0c456fea6e1',25,'2025-08-08 12:00:00','2025-08-10 14:00:00'),('45038723-b63c-4735-8d73-0800359b713f',39,'2025-11-15 12:00:00','2025-11-18 14:00:00'),('45038723-b63c-4735-8d73-0800359b713f',40,NULL,NULL),('451d3e8a-a79f-421d-9e1b-61cb718f779f',15,NULL,NULL),('45d4d34a-e875-43e0-9607-df5ed7d261aa',24,'2025-11-06 12:00:00','2025-11-09 14:00:00'),('45d4d34a-e875-43e0-9607-df5ed7d261aa',25,'2025-11-06 12:00:00','2025-11-09 14:00:00'),('467766b4-e0f4-46a8-af60-5ba3a7350998',7,'2025-05-02 12:00:00','2025-05-04 14:00:00'),('467766b4-e0f4-46a8-af60-5ba3a7350998',8,'2025-05-03 12:00:00','2025-05-04 14:00:00'),('472d67e2-51db-4c45-9e3a-9ce3a9ccdbb4',6,'2025-06-28 12:00:00','2025-07-01 14:00:00'),('472d67e2-51db-4c45-9e3a-9ce3a9ccdbb4',7,'2025-06-28 12:00:00','2025-07-01 14:00:00'),('4900517d-e2cf-405f-bafe-7729af4eb250',56,'2025-10-28 12:00:00','2025-10-31 14:00:00'),('4900517d-e2cf-405f-bafe-7729af4eb250',57,'2025-10-28 12:00:00','2025-10-31 14:00:00'),('4a1db60a-9e09-469e-8fd0-8318387fef22',42,'2025-09-20 12:00:00','2025-09-23 14:00:00'),('4a1db60a-9e09-469e-8fd0-8318387fef22',43,'2025-09-20 12:00:00','2025-09-23 14:00:00'),('4b2da93d-3cc0-4838-8caf-b9785f3eea64',28,'2025-09-10 12:00:00','2025-09-14 14:00:00'),('4b2da93d-3cc0-4838-8caf-b9785f3eea64',29,'2025-09-10 12:00:00','2025-09-14 14:00:00'),('4b8acd38-010e-4b94-b532-c9d9711558ed',9,NULL,NULL),('4cbf27c2-fd3b-41d4-ab33-7093035908ce',19,'2025-03-11 12:00:00','2025-03-13 14:00:00'),('4cf43b2d-feb2-461c-8464-8654a0133050',41,'2025-03-01 12:00:00','2025-03-03 14:00:00'),('4cf43b2d-feb2-461c-8464-8654a0133050',42,'2025-03-01 12:00:00','2025-03-03 14:00:00'),('517ec93a-2c15-4a7b-8f8a-e2908bb08cf4',54,'2025-04-12 12:00:00','2025-04-14 14:00:00'),('53ad61c0-223f-4c66-85d3-b4ea82cffc06',85,'2025-10-25 12:00:00','2025-10-28 14:00:00'),('53ad61c0-223f-4c66-85d3-b4ea82cffc06',87,'2025-10-25 12:00:00','2025-10-28 14:00:00'),('572e9582-cf32-4bad-8384-6ba55fcdbe96',5,'2025-03-02 12:00:00','2025-03-05 14:00:00'),('572e9582-cf32-4bad-8384-6ba55fcdbe96',14,'2025-03-03 12:00:00','2025-03-05 14:00:00'),('579de289-8f1a-4121-8a6e-f2d6990937c7',11,'2025-09-01 12:00:00','2025-09-04 14:00:00'),('579de289-8f1a-4121-8a6e-f2d6990937c7',12,'2025-09-01 12:00:00','2025-09-04 14:00:00'),('5a27824d-a20c-4c64-94f6-e83c7664817d',55,'2025-09-28 12:00:00','2025-09-30 14:00:00'),('5a27824d-a20c-4c64-94f6-e83c7664817d',56,NULL,NULL),('5c735c1c-6d38-4b25-ac74-d59ae8542d4a',21,'2025-05-10 12:00:00','2025-05-13 14:00:00'),('5c735c1c-6d38-4b25-ac74-d59ae8542d4a',22,'2025-05-11 12:00:00','2025-05-13 14:00:00'),('5fa811a1-6a00-49f3-a5a6-3ad6e54ca4db',95,'2025-11-01 12:00:00','2025-11-04 14:00:00'),('5fa811a1-6a00-49f3-a5a6-3ad6e54ca4db',96,'2025-11-01 12:00:00','2025-11-04 14:00:00'),('61dc5a71-ada9-4d3e-9899-833aa2eea59c',54,'2025-11-25 12:00:00',NULL),('61dc5a71-ada9-4d3e-9899-833aa2eea59c',55,'2025-11-25 12:00:00',NULL),('643f3742-f25a-4de3-8c8a-d2fc864b85d4',26,NULL,NULL),('643f3742-f25a-4de3-8c8a-d2fc864b85d4',27,'2025-07-10 12:00:00','2025-07-13 14:00:00'),('64d83dd4-b265-4f30-84e8-344b0c0eb4bb',10,'2025-07-01 12:00:00','2025-07-04 14:00:00'),('64d83dd4-b265-4f30-84e8-344b0c0eb4bb',11,'2025-07-01 12:00:00','2025-07-04 14:00:00'),('65066f34-4948-444e-b438-dc1989562c97',91,'2025-06-18 12:00:00','2025-06-20 14:00:00'),('6770dc5a-f67d-4071-9171-67c145a8ba8f',84,'2025-03-23 12:00:00','2025-03-25 14:00:00'),('6770dc5a-f67d-4071-9171-67c145a8ba8f',90,'2025-03-22 12:00:00','2025-03-25 14:00:00'),('692e6a8c-ca75-4b06-87a6-b97856987235',46,'2025-02-16 12:00:00','2025-02-18 14:00:00'),('692e6a8c-ca75-4b06-87a6-b97856987235',47,NULL,NULL),('6a7145d8-d3b0-41f1-960e-7ce47c72a9fa',27,'2025-11-10 12:00:00','2025-11-13 14:00:00'),('6a7145d8-d3b0-41f1-960e-7ce47c72a9fa',28,'2025-11-10 12:00:00','2025-11-13 14:00:00'),('6bb7d974-497c-41f4-a264-ffefe1f83198',70,'2025-04-21 12:00:00','2025-04-23 14:00:00'),('6bb7d974-497c-41f4-a264-ffefe1f83198',71,'2025-04-21 12:00:00','2025-04-23 14:00:00'),('6c99d564-6a5c-4be3-aac6-40e20ca8d8eb',6,'2025-01-10 12:00:00','2025-01-14 14:00:00'),('6c99d564-6a5c-4be3-aac6-40e20ca8d8eb',7,'2025-01-10 12:00:00','2025-01-14 14:00:00'),('6c99d564-6a5c-4be3-aac6-40e20ca8d8eb',8,'2025-01-11 12:00:00','2025-01-14 14:00:00'),('6c99d564-6a5c-4be3-aac6-40e20ca8d8eb',9,NULL,NULL),('6cbbdb8e-6d79-4dba-9455-08882f5e2f6d',52,'2025-11-25 12:00:00',NULL),('6cbbdb8e-6d79-4dba-9455-08882f5e2f6d',53,'2025-11-25 12:00:00',NULL),('6e8cca9a-58d5-4868-ba8f-62ae0ac53ab8',18,'2025-01-25 12:00:00','2025-01-28 14:00:00'),('6e8cca9a-58d5-4868-ba8f-62ae0ac53ab8',19,NULL,NULL),('740ba582-a0d4-4a82-8eb7-bb707febeecf',14,'2025-01-20 12:00:00','2025-01-22 14:00:00'),('7a014be0-60fc-4244-92db-a6551e987dd1',50,'2025-02-05 12:00:00','2025-02-07 14:00:00'),('7a014be0-60fc-4244-92db-a6551e987dd1',51,NULL,NULL),('7ad634b3-b228-4dc7-a65b-e146a112e54a',55,'2025-04-12 12:00:00','2025-04-15 14:00:00'),('7ad634b3-b228-4dc7-a65b-e146a112e54a',56,'2025-04-12 12:00:00','2025-04-15 14:00:00'),('7d0c87a0-07ed-4bf1-afcc-7877f80547e3',45,'2025-11-20 12:00:00','2025-11-23 14:00:00'),('7d0c87a0-07ed-4bf1-afcc-7877f80547e3',46,'2025-11-20 12:00:00','2025-11-23 14:00:00'),('7e94117b-5f93-4422-9397-d2f234788df6',93,'2025-06-20 12:00:00','2025-06-23 14:00:00'),('7e94117b-5f93-4422-9397-d2f234788df6',94,NULL,NULL),('802db0fd-30e2-4746-9129-b345818f08e4',13,'2025-09-02 12:00:00','2025-09-04 14:00:00'),('802db0fd-30e2-4746-9129-b345818f08e4',14,NULL,NULL),('86116284-c950-4e2a-86d5-9a0b11411bf7',72,'2025-06-05 12:00:00','2025-06-09 14:00:00'),('86116284-c950-4e2a-86d5-9a0b11411bf7',73,'2025-06-05 12:00:00','2025-06-09 14:00:00'),('878cc672-1283-46b9-8a51-020a277c13c1',55,'2025-08-28 12:00:00','2025-08-31 14:00:00'),('878cc672-1283-46b9-8a51-020a277c13c1',56,NULL,NULL),('88c715db-082e-41a7-a8bf-2116ad2d7a06',61,'2025-02-11 12:00:00','2025-02-13 14:00:00'),('88c715db-082e-41a7-a8bf-2116ad2d7a06',62,'2025-02-11 12:00:00','2025-02-13 14:00:00'),('88c715db-082e-41a7-a8bf-2116ad2d7a06',65,NULL,NULL),('88c715db-082e-41a7-a8bf-2116ad2d7a06',66,NULL,NULL),('89a2f4b6-a897-45a3-923f-eb030b8f4442',80,'2025-04-26 12:00:00','2025-04-28 14:00:00'),('8f16429b-0b81-49b8-9335-daf0de1e6636',20,'2025-11-05 12:00:00','2025-11-08 14:00:00'),('8f16429b-0b81-49b8-9335-daf0de1e6636',21,'2025-11-06 12:00:00','2025-11-08 14:00:00'),('91bc19b9-9c40-4d87-ba37-a22355814394',28,'2025-07-10 12:00:00','2025-07-14 14:00:00'),('91bc19b9-9c40-4d87-ba37-a22355814394',29,NULL,NULL),('91f62ac0-12b3-4d8e-a256-796132ccb370',13,NULL,NULL),('988d0b6a-ddb3-4c8d-8622-f41b60a62920',16,'2025-09-03 12:00:00','2025-09-07 14:00:00'),('988d0b6a-ddb3-4c8d-8622-f41b60a62920',17,'2025-09-03 12:00:00','2025-09-07 14:00:00'),('988d0b6a-ddb3-4c8d-8622-f41b60a62920',18,'2025-09-03 12:00:00','2025-09-07 14:00:00'),('988d0b6a-ddb3-4c8d-8622-f41b60a62920',19,NULL,NULL),('9f6f8dc5-7d31-4d52-8439-1d4f4e15b004',25,'2025-09-08 12:00:00','2025-09-10 14:00:00'),('a00b63bb-bd96-43f6-8d3c-ad01bb0381ee',38,'2025-07-15 12:00:00','2025-07-18 14:00:00'),('a00b63bb-bd96-43f6-8d3c-ad01bb0381ee',39,'2025-07-15 12:00:00','2025-07-18 14:00:00'),('a4cb115e-d960-4f3f-8ee1-0499d7b9dfb5',41,'2025-04-02 12:00:00','2025-04-05 14:00:00'),('a4cb115e-d960-4f3f-8ee1-0499d7b9dfb5',42,'2025-04-02 12:00:00','2025-04-05 14:00:00'),('a7354d83-859d-45f3-877e-2632bb0f639c',5,'2025-05-01 12:00:00','2025-05-04 14:00:00'),('a7354d83-859d-45f3-877e-2632bb0f639c',6,'2025-05-01 12:00:00','2025-05-04 14:00:00'),('a73fdb82-a024-4e0c-81fa-587930db712f',44,'2025-02-15 12:00:00','2025-02-18 14:00:00'),('a73fdb82-a024-4e0c-81fa-587930db712f',45,'2025-02-15 12:00:00','2025-02-18 14:00:00'),('ad09e374-1db2-4fae-98f8-54dc770d6617',72,'2025-04-21 12:00:00','2025-04-25 14:00:00'),('ad09e374-1db2-4fae-98f8-54dc770d6617',73,'2025-04-22 12:00:00','2025-04-25 14:00:00'),('ad09e374-1db2-4fae-98f8-54dc770d6617',74,'2025-04-22 12:00:00','2025-04-25 14:00:00'),('ad09e374-1db2-4fae-98f8-54dc770d6617',75,NULL,NULL),('ad316571-27cc-470a-8419-cb3bf60de5f1',15,NULL,NULL),('ad78a13f-d7c3-4805-86b0-a01b21182b44',12,'2025-07-02 12:00:00','2025-07-04 14:00:00'),('ad78a13f-d7c3-4805-86b0-a01b21182b44',13,NULL,NULL),('ad80d6aa-fbf8-4de7-9bcd-1289a48c0c77',30,'2025-01-28 12:00:00','2025-01-30 14:00:00'),('adb6a250-5253-498a-9bfc-701bef6dbd0c',16,'2025-08-03 12:00:00','2025-08-07 14:00:00'),('adb6a250-5253-498a-9bfc-701bef6dbd0c',17,'2025-08-03 12:00:00','2025-08-07 14:00:00'),('adb6a250-5253-498a-9bfc-701bef6dbd0c',18,'2025-08-04 12:00:00','2025-08-07 14:00:00'),('adb6a250-5253-498a-9bfc-701bef6dbd0c',19,NULL,NULL),('af0c6fb9-dbfe-4a54-a86a-c470bbdaa923',11,'2025-03-15 14:00:00','2025-03-18 12:00:00'),('af0c6fb9-dbfe-4a54-a86a-c470bbdaa923',12,'2025-03-15 14:00:00','2025-03-18 12:00:00'),('b0805195-e7cc-4a1b-836a-1e085bbc06e7',43,'2025-11-20 12:00:00','2025-11-23 14:00:00'),('b0805195-e7cc-4a1b-836a-1e085bbc06e7',44,NULL,NULL),('b0f8f5c9-2ae1-4493-8b13-02cc7538f284',25,'2025-07-08 12:00:00','2025-07-10 14:00:00'),('b1e3adb8-6f1c-423f-8263-517bf64ce78d',72,NULL,NULL),('b3d09d43-f0c0-4e08-a8bf-2f0a5b8b9f9e',44,'2025-09-20 12:00:00','2025-09-23 14:00:00'),('b3d09d43-f0c0-4e08-a8bf-2f0a5b8b9f9e',45,'2025-09-20 12:00:00','2025-09-23 14:00:00'),('b55ce919-68d1-44e7-b98e-a44e7bc8ba68',35,'2025-02-03 12:00:00','2025-02-06 14:00:00'),('b55ce919-68d1-44e7-b98e-a44e7bc8ba68',36,'2025-02-03 12:00:00','2025-02-06 14:00:00'),('b941901e-8274-4c92-b879-a18f2e6b61f6',17,'2025-11-08 12:00:00','2025-11-10 14:00:00'),('b958f71b-2df7-4ffc-91a7-58579ed3fdf0',43,'2025-10-20 12:00:00','2025-10-23 14:00:00'),('b958f71b-2df7-4ffc-91a7-58579ed3fdf0',44,'2025-10-20 12:00:00','2025-10-23 14:00:00'),('c0e531c2-cfd1-4181-9e0c-4faea24a73c7',68,NULL,NULL),('c0e531c2-cfd1-4181-9e0c-4faea24a73c7',69,NULL,NULL),('c3552dd1-d598-4cab-8a60-c1dc49fb31a4',66,'2025-04-05 12:00:00','2025-04-08 14:00:00'),('c429104d-6558-4b6f-bfc0-1d304bd4d7ca',71,NULL,NULL),('c54af5c0-e4b2-461a-97ea-30c8c01ee10d',92,'2025-06-18 12:00:00','2025-06-20 14:00:00'),('c667220a-f6f6-4805-99c4-2a2ace7e1679',34,'2025-11-13 12:00:00','2025-11-17 14:00:00'),('c667220a-f6f6-4805-99c4-2a2ace7e1679',35,'2025-11-13 12:00:00','2025-11-17 14:00:00'),('c667220a-f6f6-4805-99c4-2a2ace7e1679',37,'2025-11-13 12:00:00','2025-11-17 14:00:00'),('c6e0e05f-2938-4435-bde0-30abc3c9da98',51,NULL,NULL),('c944acf1-a687-4eaf-99c3-b2d4dd72cdd4',14,'2025-07-01 12:00:00','2025-07-03 14:00:00'),('c9d805e6-fd15-4514-9ac9-45b1f668abc0',38,'2025-09-15 12:00:00','2025-09-18 14:00:00'),('c9d805e6-fd15-4514-9ac9-45b1f668abc0',39,'2025-09-15 12:00:00','2025-09-18 14:00:00'),('ca5daf73-3cff-450c-a1ff-093c16f8ece9',55,'2025-03-12 12:00:00','2025-03-17 14:00:00'),('ca5daf73-3cff-450c-a1ff-093c16f8ece9',56,'2025-03-12 12:00:00','2025-03-17 14:00:00'),('ca5daf73-3cff-450c-a1ff-093c16f8ece9',57,'2025-03-13 12:00:00','2025-03-17 14:00:00'),('ca5daf73-3cff-450c-a1ff-093c16f8ece9',58,'2025-03-14 12:00:00','2025-03-17 14:00:00'),('ca745688-1a60-434a-b7cd-16f14cd71136',46,'2025-08-22 12:00:00','2025-08-27 14:00:00'),('ca745688-1a60-434a-b7cd-16f14cd71136',47,'2025-08-22 12:00:00','2025-08-27 14:00:00'),('ca745688-1a60-434a-b7cd-16f14cd71136',48,'2025-08-22 12:00:00','2025-08-27 14:00:00'),('cbf64a2a-0f36-4dab-a4ee-7dae334ef17a',49,'2025-08-22 12:00:00','2025-08-24 14:00:00'),('ce6eabf5-f7c7-4ac6-a780-83622ba6b967',31,'2025-11-12 12:00:00','2025-11-17 14:00:00'),('ce6eabf5-f7c7-4ac6-a780-83622ba6b967',32,'2025-11-12 12:00:00','2025-11-17 14:00:00'),('ce6eabf5-f7c7-4ac6-a780-83622ba6b967',33,'2025-11-12 12:00:00','2025-11-17 14:00:00'),('cfadeae1-d7cf-4f44-8d8a-aa7a935a4ea0',29,'2025-11-10 12:00:00','2025-11-14 14:00:00'),('cfda2a2b-fdf7-4fc4-8117-a8f660b1fe5a',70,'2025-10-08 12:00:00','2025-10-10 14:00:00'),('d2b5f36a-654d-469c-bd09-750ceb63ab96',45,'2025-04-02 12:00:00','2025-04-04 14:00:00'),('d2b6cb43-49ff-4461-bb58-51902a399d3d',95,'2025-06-20 12:00:00','2025-06-23 14:00:00'),('d2c45093-119c-4547-a001-424739596ef9',46,'2025-07-22 12:00:00','2025-07-27 14:00:00'),('d2c45093-119c-4547-a001-424739596ef9',47,'2025-07-22 12:00:00','2025-07-27 14:00:00'),('d2c45093-119c-4547-a001-424739596ef9',48,'2025-07-24 12:00:00','2025-07-27 14:00:00'),('d652163a-1ba0-4dd9-ab2a-81f52a10ea39',72,'2025-03-09 12:00:00','2025-03-12 14:00:00'),('d6735454-a2f6-42cc-b330-930c43e312bf',80,'2025-03-09 12:00:00','2025-03-11 14:00:00'),('d7ed6155-8b8b-49bd-909c-b43b0fd7bcd9',57,'2025-04-16 12:00:00','2025-04-19 14:00:00'),('d8eb7074-bf1f-4e90-ab34-d6e65a700316',66,'2025-06-03 12:00:00','2025-06-07 14:00:00'),('d8eb7074-bf1f-4e90-ab34-d6e65a700316',67,'2025-06-03 12:00:00','2025-06-07 14:00:00'),('d8eb7074-bf1f-4e90-ab34-d6e65a700316',68,'2025-06-04 12:00:00','2025-06-07 14:00:00'),('d8eb7074-bf1f-4e90-ab34-d6e65a700316',69,'2025-06-04 12:00:00','2025-06-07 14:00:00'),('da49e55d-31b8-4b23-8e76-86b7fb602d87',23,'2025-05-10 12:00:00','2025-05-14 14:00:00'),('db3ceea5-5526-4994-9d7b-7d41f378a513',22,'2025-11-05 12:00:00','2025-11-09 14:00:00'),('db3ceea5-5526-4994-9d7b-7d41f378a513',23,'2025-11-05 12:00:00','2025-11-09 14:00:00'),('dd52d772-52bc-481e-b199-6383fc7c22f4',60,'2025-02-01 12:00:00','2025-02-03 14:00:00'),('ddad7c3d-1436-4735-82b0-91414b9c7c08',70,'2025-03-09 12:00:00','2025-03-11 14:00:00'),('ddad7c3d-1436-4735-82b0-91414b9c7c08',71,NULL,NULL),('e0a72074-16f3-48a7-a2ff-300ef965f47b',89,'2025-10-26 12:00:00','2025-10-28 14:00:00'),('e0a72074-16f3-48a7-a2ff-300ef965f47b',90,'2025-10-26 12:00:00','2025-10-28 14:00:00'),('e5a29143-a60f-4ab0-9da9-e8dd41e32219',39,'2025-10-15 12:00:00','2025-10-18 14:00:00'),('e5a29143-a60f-4ab0-9da9-e8dd41e32219',40,NULL,NULL),('e8c6ce23-cf42-4f24-9b03-f8b3990bbbd2',68,'2025-04-20 12:00:00','2025-04-22 14:00:00'),('ec690634-e1ab-4317-ba9b-bec50551982b',12,'2025-03-04 12:00:00','2025-03-06 14:00:00'),('ed6f9dde-c83d-4a1b-bc5d-aeff6f8207cc',26,'2025-08-10 12:00:00','2025-08-13 14:00:00'),('ee1831a0-9469-44e6-a987-d1ce91c9ea4e',72,NULL,NULL),('f43a74f6-2d66-459a-90ab-4ff1f9db98bb',31,'2025-01-28 12:00:00','2025-01-31 14:00:00'),('f43a74f6-2d66-459a-90ab-4ff1f9db98bb',32,'2025-01-28 12:00:00','2025-01-31 14:00:00'),('f7192269-3870-4289-ac91-1213ff398ee5',50,'2025-07-22 12:00:00','2025-07-24 14:00:00'),('f7e99f47-0568-4101-9855-0946284e334b',34,'2025-05-18 12:00:00','2025-05-20 14:00:00'),('f96b0fa3-698f-41d0-b572-1ea384fa9f18',38,'2025-08-15 12:00:00','2025-08-18 14:00:00'),('f96b0fa3-698f-41d0-b572-1ea384fa9f18',39,'2025-08-15 12:00:00','2025-08-18 14:00:00'),('f9c995a3-4621-46c0-a992-06f1601eb87f',81,'2025-04-28 12:00:00','2025-05-01 14:00:00'),('fb856733-5064-4b55-be6a-ac3017d8fcb1',63,'2025-02-11 12:00:00','2025-02-15 14:00:00'),('fb856733-5064-4b55-be6a-ac3017d8fcb1',64,'2025-02-11 12:00:00','2025-02-15 14:00:00'),('fbbab1f9-d1d3-4ca2-8fbf-95f478dc660e',45,'2025-10-21 12:00:00','2025-10-23 14:00:00'),('fbbab1f9-d1d3-4ca2-8fbf-95f478dc660e',46,'2025-10-21 12:00:00','2025-10-23 14:00:00'),('fe6bb904-1367-4cb4-a9c7-8295d8d63b04',37,'2025-02-04 12:00:00','2025-02-06 14:00:00'),('fe6bb904-1367-4cb4-a9c7-8295d8d63b04',38,NULL,NULL);
/*!40000 ALTER TABLE `reservationguest` ENABLE KEYS */;
UNLOCK TABLES;

--
-- Table structure for table `reservationroom`
--

DROP TABLE IF EXISTS `reservationroom`;
/*!40101 SET @saved_cs_client     = @@character_set_client */;
/*!50503 SET character_set_client = utf8mb4 */;
CREATE TABLE `reservationroom` (
  `id` varchar(36) NOT NULL,
  `reservationId` varchar(36) NOT NULL,
  `roomId` int NOT NULL,
  `checkInTime` date NOT NULL,
  `checkOutTime` date NOT NULL,
  `unitPrice` decimal(10,2) NOT NULL,
  `totalPrice` decimal(10,2) NOT NULL,
  PRIMARY KEY (`id`),
  KEY `FK_resroom_reservation` (`reservationId`),
  KEY `FK_resroom_room` (`roomId`),
  CONSTRAINT `FK_resroom_reservation` FOREIGN KEY (`reservationId`) REFERENCES `reservation` (`id`) ON DELETE CASCADE,
  CONSTRAINT `FK_resroom_room` FOREIGN KEY (`roomId`) REFERENCES `room` (`id`) ON DELETE CASCADE
) ENGINE=InnoDB DEFAULT CHARSET=utf8mb4 COLLATE=utf8mb4_0900_ai_ci;
/*!40101 SET character_set_client = @saved_cs_client */;

--
-- Dumping data for table `reservationroom`
--

LOCK TABLES `reservationroom` WRITE;
/*!40000 ALTER TABLE `reservationroom` DISABLE KEYS */;
INSERT INTO `reservationroom` VALUES ('009ce893-3360-4825-8ce3-04ea3e4b4128','d3d58f3c-66e1-4853-9e74-3c50ad461338',107,'2025-12-12','2025-12-17',1200000.00,6000000.00),('00d39375-65dd-4496-9f3c-2757972633ac','e2f73f42-71b3-4795-b716-1d921e1851d6',105,'2025-12-15','2025-12-18',800000.00,2400000.00),('01bf460b-e114-4990-bf52-30d27441b2a1','f30fce7b-0ff7-4b08-960b-36db432e1945',710,'2025-05-28','2025-05-31',3000000.00,9000000.00),('01cd7e2c-2dcc-434c-aa3b-24200b6840de','1afc0db9-a294-4514-8de7-d9edd8af9e69',105,'2025-10-25','2025-10-28',800000.00,2400000.00),('041e57ec-71be-43b9-98f0-887cf208695f','83d1a88f-ed63-4246-bf69-985e9957d123',107,'2025-11-03','2025-11-07',1200000.00,4800000.00),('078d47cd-1643-4384-a78e-85e3ba5bb4e1','d24ffd34-c512-4377-9dd6-d0c7eba694e6',108,'2025-09-12','2025-09-17',1200000.00,6000000.00),('089d1387-90f6-4968-a3cf-9a59501599d1','d20317b1-2963-48c2-8f7f-5f612d1915cf',107,'2025-07-03','2025-07-07',1200000.00,4800000.00),('089e6896-826f-4f3e-b25a-11161d5dc462','3b1b600a-8269-4069-a0e6-26190957c295',202,'2025-10-18','2025-10-20',500000.00,1000000.00),('09ed4e1e-4cdf-403d-8f33-2773a206be29','ae98eaa3-e414-4922-b1b7-89f3db23b166',104,'2025-06-15','2025-06-18',800000.00,2400000.00),('0ab721d0-d005-42af-88ef-161768eb7294','7ff94d5f-398d-4808-86a1-80f8248029b7',104,'2025-12-25','2025-12-28',800000.00,2400000.00),('0abb33cb-4b1a-4d28-a7f7-e14a6072aa23','e34ae98e-208e-4eb3-a598-14783afcb140',101,'2025-12-18','2025-12-20',500000.00,1000000.00),('0aeba89f-0851-4599-8687-bc2f8e0774fd','77254523-5172-4cf5-82ed-521980d04973',710,'2025-10-10','2025-10-13',3000000.00,9000000.00),('0d23f6d7-bd94-45e0-9f97-fc6476770c33','6a031ea6-ee26-44fb-a7d7-f6564d6ab4b5',104,'2025-08-25','2025-08-28',800000.00,2400000.00),('0e96f349-2ebd-4659-a558-0d6dd651723f','70825cf6-6d34-4602-9dbe-ff4f2066fe19',109,'2025-06-05','2025-06-08',1500000.00,4500000.00),('0f68fbfa-ec1b-478d-88cc-4d121e12ecea','da88a1f9-2a66-4962-a277-cedd9d37c6e5',108,'2025-08-12','2025-08-17',1200000.00,6000000.00),('0fad46bb-69d1-471d-8adb-738b3494cf94','5710efa6-c145-481a-9bcf-43dff91d3ded',109,'2025-08-05','2025-08-08',1500000.00,4500000.00),('1045db8f-345b-498b-9492-290ecdfe1c25','b610fc62-adcd-4258-834c-f7692235b8df',101,'2025-11-01','2025-11-03',500000.00,1000000.00),('105ea1c8-f0de-4453-a4c5-e914ac85ad2d','39073b72-e2fb-4c27-8698-b071f883ec37',107,'2025-03-04','2025-03-08',1200000.00,4800000.00),('1134594e-331a-487b-88bd-66511cd2722e','a8a348fa-fbac-4ccd-be99-0267d35a06d9',101,'2025-04-20','2025-04-22',500000.00,1000000.00),('1228fc47-e8cb-47e1-b34c-a62aa5d58e07','1e5d882e-bc70-410f-be17-f447edbdaa39',105,'2025-01-28','2025-01-31',800000.00,2400000.00),('12c22240-cc11-48b1-bed6-3bc66b411a45','e4318ae5-5ca3-4366-a470-092d7565abb9',107,'2025-04-06','2025-04-10',1200000.00,4800000.00),('13917c5f-0e4e-4d32-9f4f-c548ce32c735','0c3fd6c5-1467-4c57-829f-fbd5c1359aec',710,'2025-02-20','2025-02-23',3000000.00,9000000.00),('13f5775a-8f8a-453a-8729-274ee39a8585','5d5efb45-427a-42cb-8f1a-8d8eeb9a0cc2',105,'2025-06-25','2025-06-28',800000.00,2400000.00),('14742af3-e9d0-4ee6-a8d9-52783f9b95a5','b2f7aa18-67ae-41d3-84e1-012f5452934a',710,'2025-01-25','2025-01-27',3000000.00,6000000.00),('147aa129-90cb-4244-ac04-2952b3312a7f','be6a0d73-5fba-4096-a93d-d12b9b9a144a',101,'2025-06-08','2025-06-10',500000.00,1000000.00),('17980a12-2a55-4557-b5e6-699039bd5f08','be10c0fc-ab99-4243-9804-af63098b1536',710,'2025-09-10','2025-09-13',3000000.00,9000000.00),('17ceb988-4129-4fce-bb3f-7ce7d850b646','c25eb665-a638-44c7-bcf4-2118fe275b24',104,'2025-03-26','2025-03-28',800000.00,1600000.00),('188f113e-14ba-46ac-b892-0680cc520dd3','9964e6b4-a74f-4fe9-a60f-0b0fe46f4d22',102,'2025-08-18','2025-08-20',500000.00,1000000.00),('18ca8be5-ec96-4ae0-94db-7d8e96261d76','66fce467-0f6a-4ad4-bdbb-1a9db8b9e5b8',710,'2025-07-28','2025-07-31',3000000.00,9000000.00),('190c01b6-6aa4-4bb8-a1ca-8d8b81862d37','0b6092b7-be58-4c0b-8e7d-ea3e32a35ae5',109,'2025-11-10','2025-11-14',1500000.00,6000000.00),('1a13d653-50a0-4ef2-a3e3-06007059415d','731662af-f652-42f4-852c-a09b91fe7523',107,'2025-06-12','2025-06-17',1200000.00,6000000.00),('1b892eae-4e9b-4d78-acd2-2797917c8525','da35d20b-f8a9-49e0-85a7-982e713ec809',107,'2025-12-03','2025-12-07',1200000.00,4800000.00),('1dcf8c3a-8d3c-41c0-8114-fb6965fb798d','45bfd2be-2c7f-4dc2-b012-87ba869b1a88',109,'2025-12-05','2025-12-08',1500000.00,4500000.00),('1e932a66-c68b-465b-b341-97b3124707b4','40cd2553-2444-4148-8d7e-f0046f6c3651',105,'2025-04-02','2025-04-05',800000.00,2400000.00),('1ea56b83-7197-450d-b8b7-687c44d2e851','8b59dd37-4a5c-4205-8e7b-f0beeb6ec908',105,'2025-09-05','2025-09-09',800000.00,3200000.00),('20ac22ac-f51b-463b-857d-209695742c86','995d25cb-7420-4b73-a148-daa4dd03101d',109,'2025-08-10','2025-08-14',1500000.00,6000000.00),('21f1f07f-228a-4d63-b254-32bea008f057','b610fc62-adcd-4258-834c-f7692235b8df',102,'2025-11-01','2025-11-03',500000.00,1000000.00),('2252ea9e-7333-4701-a23b-bcca5ac9f04c','b13bf5c7-055b-45b9-abb3-145b538945b5',102,'2025-11-18','2025-11-20',500000.00,1000000.00),('2332eb2a-857e-4ab2-a4ee-279b25591764','0c9e2f9c-dcc3-4574-99dd-5228cc00e031',104,'2025-10-05','2025-10-09',800000.00,3200000.00),('23a4936c-046b-4fbc-8663-50763bd95242','aa576103-5778-4bc9-9c60-6cb5484f4823',104,'2025-05-15','2025-05-18',800000.00,2400000.00),('2893249f-139b-43b4-a294-989cd0a97198','1646fb79-1b05-4480-a3b5-201e6f8ede65',307,'2025-12-23','2025-12-27',1200000.00,4800000.00),('2a6d3b7b-ef35-40fd-b13a-3eabac52388b','aeb11571-1753-44fa-bd72-ffdee7b28ebf',108,'2025-01-08','2025-01-12',1200000.00,4800000.00),('2c964eb1-d156-4f8e-ba60-a3a5b991cfde','5710efa6-c145-481a-9bcf-43dff91d3ded',104,'2025-08-05','2025-08-09',800000.00,3200000.00),('2da71f4e-4a71-4d5d-9e8a-8cff58cdec19','b14ef47a-d595-49ad-a774-d0c7afcf3cbc',107,'2025-09-22','2025-09-27',1200000.00,6000000.00),('2faae1df-710d-4347-a7d7-d04627a08279','6d9961c8-dd65-4f1f-bc20-6f92ef9c697f',107,'2025-11-22','2025-11-27',1200000.00,6000000.00),('324642c8-3c05-4602-8ca8-3e88e013f2de','b2329265-e422-4cab-ad0b-738050b52667',101,'2025-05-08','2025-05-10',500000.00,1000000.00),('33ce1534-7811-4d50-bb6f-d45bd565a606','e5762f40-d10a-44d0-9ef0-641277633f92',109,'2025-08-20','2025-08-23',1500000.00,4500000.00),('371fabdb-fe57-4079-a362-f9fe62381674','9964e6b4-a74f-4fe9-a60f-0b0fe46f4d22',101,'2025-08-18','2025-08-20',500000.00,1000000.00),('38776a6e-9e81-4176-9db8-f27ce60acec9','54022fa1-f787-47dd-86eb-ae9d6d48ab36',101,'2025-05-18','2025-05-20',500000.00,1000000.00),('38bbc6a2-f218-4ec9-b3fc-9b7038bd6b0a','3024139f-1c96-4fdf-82d7-77645e03e812',110,'2025-03-10','2025-03-13',1500000.00,4500000.00),('38cb9e7d-ba18-48c1-b773-803ec04b8541','d980bded-2f88-4de8-915c-7d11ae8e102a',107,'2025-05-12','2025-05-17',1200000.00,6000000.00),('38ee8916-0c6a-474d-a3df-7e6e8f97f53f','a810b114-14bf-4ec1-aabc-e6216a5198bc',107,'2025-10-03','2025-10-07',1200000.00,4800000.00),('39dadd09-9224-45cd-a83a-251a0769707f','e2b68eea-66db-4415-9941-313d00bb5894',207,'2025-10-12','2025-10-17',1200000.00,6000000.00),('3a2585a1-c57b-4c73-acf2-837fec41f84b','77254523-5172-4cf5-82ed-521980d04973',109,'2025-10-10','2025-10-14',1500000.00,6000000.00),('3baa2029-b0ba-421a-9e35-db3b7b98480f','d3d58f3c-66e1-4853-9e74-3c50ad461338',108,'2025-12-12','2025-12-17',1200000.00,6000000.00),('3c75b236-166a-4ea5-8ac5-7b624dbac69e','c25eb665-a638-44c7-bcf4-2118fe275b24',107,'2025-03-26','2025-03-30',1200000.00,4800000.00),('3e66ec49-eb59-4fed-8bb8-959098c226b6','b13bf5c7-055b-45b9-abb3-145b538945b5',101,'2025-11-18','2025-11-20',500000.00,1000000.00),('3fa5e7da-7cf9-465f-b499-b0c456fea6e1','8dbe9585-6edc-43a2-a2d4-0692093c0dd1',101,'2025-08-08','2025-08-10',500000.00,1000000.00),('43ae2173-191d-4626-a070-4eea9abfd3b4','49c72482-3e6f-4b1d-91b2-0fbdcdb3b9f1',107,'2025-12-20','2025-12-22',1200000.00,2400000.00),('43cd3baf-12ef-416c-a729-938def709501','0c984adf-45fd-4202-be4a-3064c01cab38',101,'2025-06-01','2025-06-03',500000.00,1000000.00),('45038723-b63c-4735-8d73-0800359b713f','936c0f54-0643-4fd6-88eb-542dd84507c4',104,'2025-11-15','2025-11-18',800000.00,2400000.00),('451d3e8a-a79f-421d-9e1b-61cb718f779f','25bb9c54-32fb-4ec5-99a0-e53390bf86ae',102,'2025-01-20','2025-01-22',500000.00,1000000.00),('45d4d34a-e875-43e0-9607-df5ed7d261aa','5aeb6d35-b392-4510-9abf-7ea3f64bf43e',104,'2025-11-05','2025-11-09',800000.00,3200000.00),('45d5c29f-9aba-4f48-9483-c65a6cdeda9b','e2b68eea-66db-4415-9941-313d00bb5894',208,'2025-10-12','2025-10-17',1200000.00,6000000.00),('46270d4c-501b-47d9-9a6c-24ac52fc3791','3b1b600a-8269-4069-a0e6-26190957c295',101,'2025-10-18','2025-10-20',500000.00,1000000.00),('467766b4-e0f4-46a8-af60-5ba3a7350998','d10cd26a-5532-4286-a704-37862df9993d',104,'2025-05-01','2025-05-04',800000.00,2400000.00),('472d67e2-51db-4c45-9e3a-9ce3a9ccdbb4','0492a29c-1970-4dc9-a2e6-89b0617795f5',710,'2025-06-28','2025-07-01',3000000.00,9000000.00),('47c4237c-71b2-4cf4-a063-7b1d82f36382','df90e6cb-c377-4bd8-94fd-290e3a270af7',107,'2025-07-12','2025-07-17',1200000.00,6000000.00),('4900517d-e2cf-405f-bafe-7729af4eb250','8100fbec-3016-4470-b89b-6d1fa4593230',710,'2025-10-28','2025-10-31',3000000.00,9000000.00),('4a1db60a-9e09-469e-8fd0-8318387fef22','b7eed59d-55dd-471c-821e-5a1094b53215',110,'2025-09-20','2025-09-23',1500000.00,4500000.00),('4b2da93d-3cc0-4838-8caf-b9785f3eea64','be10c0fc-ab99-4243-9804-af63098b1536',109,'2025-09-10','2025-09-14',1500000.00,6000000.00),('4b8acd38-010e-4b94-b532-c9d9711558ed','d10cd26a-5532-4286-a704-37862df9993d',101,'2025-05-01','2025-05-03',500000.00,1000000.00),('4cbf27c2-fd3b-41d4-ab33-7093035908ce','3024139f-1c96-4fdf-82d7-77645e03e812',109,'2025-03-10','2025-03-13',1500000.00,4500000.00),('4cf43b2d-feb2-461c-8464-8654a0133050','ab23b470-c997-4a72-9e9f-a75b7b831242',710,'2025-03-01','2025-03-03',3000000.00,6000000.00),('4d264f26-9132-4a87-b46c-fa610662fc8d','d257933b-8460-42de-a473-a296cf5b972f',108,'2025-11-12','2025-11-17',1200000.00,6000000.00),('50444123-76fc-466e-add8-4bbce63a1fa9','e5762f40-d10a-44d0-9ef0-641277633f92',110,'2025-08-20','2025-08-23',1500000.00,4500000.00),('517ec93a-2c15-4a7b-8f8a-e2908bb08cf4','ef88e279-45ad-4afd-a189-816661d0d9cf',101,'2025-04-12','2025-04-14',500000.00,1000000.00),('51ef5b01-3b1a-4c99-b369-f61ebd4dc78a','d5646d2c-3242-48b5-b8ab-c27b9bf1b0db',105,'2025-01-05','2025-01-08',800000.00,2400000.00),('53168a3b-a7f2-402f-bfaa-af2dcbb0f45b','2c7cf819-3205-412b-9634-2cdc5850ac7c',101,'2025-08-01','2025-08-03',500000.00,1000000.00),('53ad61c0-223f-4c66-85d3-b4ea82cffc06','1afc0db9-a294-4514-8de7-d9edd8af9e69',106,'2025-10-25','2025-10-28',800000.00,2400000.00),('5576a929-bdf2-4a11-9c8a-08e9e1b69fb9','1646fb79-1b05-4480-a3b5-201e6f8ede65',107,'2025-12-23','2025-12-27',1200000.00,4800000.00),('566231cb-2bd3-44a8-ab3c-ab820dfb235e','a6521880-38da-45dc-a270-25556e88f056',109,'2025-04-08','2025-04-11',1500000.00,4500000.00),('572e9582-cf32-4bad-8384-6ba55fcdbe96','2483791d-19d7-49d6-97f9-ac14a11ba1bb',104,'2025-03-02','2025-03-05',800000.00,2400000.00),('579de289-8f1a-4121-8a6e-f2d6990937c7','0c34e16d-4166-4904-a557-78865a7832e0',105,'2025-09-01','2025-09-04',800000.00,2400000.00),('580bb6af-e076-4e33-8f87-7a8e53bc22dc','ed89bfd3-c27e-4fff-971e-85e2e699ae90',710,'2025-12-28','2026-01-01',3000000.00,12000000.00),('588f5eb0-0313-4bac-830c-156cd24e9ce4','eef73908-e44a-4aa0-ac0e-14c7e3c7d89b',107,'2025-02-10','2025-02-14',1200000.00,4800000.00),('59631394-b3ce-4bf7-b086-07b7ac653c8e','e2f73f42-71b3-4795-b716-1d921e1851d6',106,'2025-12-15','2025-12-18',800000.00,2400000.00),('59dafaa2-d4b8-42b0-9001-dfa0ff031732','0c984adf-45fd-4202-be4a-3064c01cab38',105,'2025-06-01','2025-06-04',800000.00,2400000.00),('5a27824d-a20c-4c64-94f6-e83c7664817d','917e1055-eb47-46d3-b325-579bd92717a0',710,'2025-09-28','2025-09-30',3000000.00,6000000.00),('5c735c1c-6d38-4b25-ac74-d59ae8542d4a','3288b1e5-6188-4a3a-b07d-b93f3abbcea1',710,'2025-05-10','2025-05-13',3000000.00,9000000.00),('5f1a0321-67e7-44f6-8767-c08215d36abb','2c7cf819-3205-412b-9634-2cdc5850ac7c',105,'2025-08-01','2025-08-04',800000.00,2400000.00),('5fa811a1-6a00-49f3-a5a6-3ad6e54ca4db','b610fc62-adcd-4258-834c-f7692235b8df',104,'2025-11-01','2025-11-04',800000.00,2400000.00),('6020aafd-f2af-413d-80a2-3f1c03312b1a','1646fb79-1b05-4480-a3b5-201e6f8ede65',308,'2025-12-23','2025-12-27',1200000.00,4800000.00),('60d4b75a-cf43-434b-a9ef-ff78f83ae2e3','6a031ea6-ee26-44fb-a7d7-f6564d6ab4b5',105,'2025-08-25','2025-08-28',800000.00,2400000.00),('60f5e269-9aa9-4267-b244-5ec5335450a6','066e330f-efe0-4da5-8fa8-1f03e0c5a221',101,'2025-07-18','2025-07-20',500000.00,1000000.00),('6129405e-8bfe-4ab4-b3c2-11aedca91889','1646fb79-1b05-4480-a3b5-201e6f8ede65',408,'2025-12-23','2025-12-27',1200000.00,4800000.00),('61dc5a71-ada9-4d3e-9899-833aa2eea59c','b17d2719-c6b0-4eca-a868-71786b0a5bc3',105,'2025-11-25','2025-11-28',800000.00,2400000.00),('62a65993-6b32-4d24-9db1-d7e1e67d43b1','c6615c68-7e03-44ef-a678-f685026702bd',710,'2025-06-10','2025-06-13',3000000.00,9000000.00),('643f3742-f25a-4de3-8c8a-d2fc864b85d4','ec4bd945-9680-4b70-9753-479695bcb72f',710,'2025-07-10','2025-07-13',3000000.00,9000000.00),('64d83dd4-b265-4f30-84e8-344b0c0eb4bb','3eea0627-c749-4cb2-8842-c13e2c90f0f1',104,'2025-07-01','2025-07-04',800000.00,2400000.00),('65066f34-4948-444e-b438-dc1989562c97','6c709e0d-f2e3-484a-8ded-5546ef819722',101,'2025-06-18','2025-06-20',500000.00,1000000.00),('6770dc5a-f67d-4071-9171-67c145a8ba8f','e176b8f8-4fc6-4082-bcce-343b6651e271',109,'2025-03-22','2025-03-25',1500000.00,4500000.00),('692e6a8c-ca75-4b06-87a6-b97856987235','76cae5bc-c6b5-4b4c-80aa-75b90817bee3',109,'2025-02-15','2025-02-18',1500000.00,4500000.00),('6a7145d8-d3b0-41f1-960e-7ce47c72a9fa','c28ee040-5ff5-4dd4-a457-4d668f0884ed',710,'2025-11-10','2025-11-13',3000000.00,9000000.00),('6bb7d974-497c-41f4-a264-ffefe1f83198','a1721e3a-2e22-40ba-a42b-9fe4398ef17c',104,'2025-04-21','2025-04-23',800000.00,1600000.00),('6c99d564-6a5c-4be3-aac6-40e20ca8d8eb','ffb33687-869d-40f3-be82-3024b973c013',107,'2025-01-10','2025-01-14',1200000.00,4800000.00),('6cbbdb8e-6d79-4dba-9455-08882f5e2f6d','b17d2719-c6b0-4eca-a868-71786b0a5bc3',104,'2025-11-25','2025-11-28',800000.00,2400000.00),('6d564518-865d-4919-9630-049f997f291b','b14ef47a-d595-49ad-a774-d0c7afcf3cbc',101,'2025-09-22','2025-09-24',500000.00,1000000.00),('6e399d56-4d82-4229-95f7-04533595bc8d','eabdbe89-9957-4250-831e-521befa8c5d0',109,'2025-01-15','2025-01-18',1500000.00,4500000.00),('6e8cca9a-58d5-4868-ba8f-62ae0ac53ab8','b2f7aa18-67ae-41d3-84e1-012f5452934a',104,'2025-01-25','2025-01-28',800000.00,2400000.00),('6f68698e-2a18-4971-b4df-b72198439214','b892e19e-09ae-441b-8351-ab5a26ecdf6d',207,'2025-11-29','2025-12-02',1200000.00,3600000.00),('6f7cf5f7-b666-4eee-b263-bbb2ead21972','066e330f-efe0-4da5-8fa8-1f03e0c5a221',102,'2025-07-18','2025-07-20',500000.00,1000000.00),('6fdfbbfb-68f3-4c6c-8b42-63715915cff0','731662af-f652-42f4-852c-a09b91fe7523',108,'2025-06-12','2025-06-17',1200000.00,6000000.00),('71703ee1-1a89-41d8-9702-1e7cdeb077fd','bc4f3edc-5d00-4be1-921d-074211dab403',104,'2025-02-11','2025-02-15',800000.00,3200000.00),('729b4946-a3b7-4414-9ce5-aff09351eaa9','1646fb79-1b05-4480-a3b5-201e6f8ede65',207,'2025-12-23','2025-12-27',1200000.00,4800000.00),('73630469-daf8-4842-9dea-b73f3470e9e4','e57a5147-a6dd-4014-8fa4-4bcfaf503b6a',207,'2025-11-03','2025-11-07',1200000.00,4800000.00),('740ba582-a0d4-4a82-8eb7-bb707febeecf','25bb9c54-32fb-4ec5-99a0-e53390bf86ae',101,'2025-01-20','2025-01-22',500000.00,1000000.00),('74b6b075-79aa-45ae-82ba-c7b592a4b557','49c72482-3e6f-4b1d-91b2-0fbdcdb3b9f1',109,'2025-12-22','2025-12-25',1500000.00,4500000.00),('75156e60-16a2-459d-bb22-b8154fb9cd4d','7ff94d5f-398d-4808-86a1-80f8248029b7',204,'2025-12-25','2025-12-28',800000.00,2400000.00),('77b88815-3f97-46aa-b10f-ef44f871c23a','c016df8d-8220-4b42-b285-76940d91edca',105,'2025-05-05','2025-05-09',800000.00,3200000.00),('78629666-2324-40c3-b749-b936b4c9fe1c','c016df8d-8220-4b42-b285-76940d91edca',109,'2025-05-05','2025-05-08',1500000.00,4500000.00),('790f65cf-0715-4b95-a65c-503a257feb41','1646fb79-1b05-4480-a3b5-201e6f8ede65',208,'2025-12-23','2025-12-27',1200000.00,4800000.00),('7a014be0-60fc-4244-92db-a6551e987dd1','e849fc83-2ae4-4aa6-972c-2df9b352a27a',105,'2025-02-05','2025-02-07',800000.00,1600000.00),('7aca28ce-7d46-45ee-b5a9-1a1570b2f800','0c984adf-45fd-4202-be4a-3064c01cab38',104,'2025-06-01','2025-06-04',800000.00,2400000.00),('7ad634b3-b228-4dc7-a65b-e146a112e54a','ef88e279-45ad-4afd-a189-816661d0d9cf',104,'2025-04-12','2025-04-15',800000.00,2400000.00),('7c3276a2-780c-4dc4-a08a-3d6cea4a15cc','2c7cf819-3205-412b-9634-2cdc5850ac7c',104,'2025-08-01','2025-08-04',800000.00,2400000.00),('7d0c87a0-07ed-4bf1-afcc-7877f80547e3','727361f8-9587-4c49-9675-22f81da42415',109,'2025-11-20','2025-11-23',1500000.00,4500000.00),('7d43dcc6-115d-45ae-959b-0994d0d96c28','8b59dd37-4a5c-4205-8e7b-f0beeb6ec908',109,'2025-09-05','2025-09-08',1500000.00,4500000.00),('7e7a2bcf-8290-47d6-b482-3eae0e341ea6','e2f73f42-71b3-4795-b716-1d921e1851d6',104,'2025-12-15','2025-12-18',800000.00,2400000.00),('7e94117b-5f93-4422-9397-d2f234788df6','9decffc9-cb43-428b-a66a-6bceaa068e69',109,'2025-06-20','2025-06-23',1500000.00,4500000.00),('7fb7cce9-bcc1-466d-8ebe-09ced245ca51','a5242d6f-8754-488f-9558-fac517f65343',101,'2025-12-18','2025-12-20',500000.00,1000000.00),('802db0fd-30e2-4746-9129-b345818f08e4','0c34e16d-4166-4904-a557-78865a7832e0',104,'2025-09-01','2025-09-04',800000.00,2400000.00),('804bdcf6-3d5e-4346-8506-808d45ac3707','eef73908-e44a-4aa0-ac0e-14c7e3c7d89b',101,'2025-02-10','2025-02-12',500000.00,1000000.00),('8416ee40-e29c-4565-9637-d7f85dfcfe89','a270ec06-fdaa-40d9-9b33-64ebc0765ced',101,'2025-05-22','2025-05-24',500000.00,1000000.00),('84b80464-e91a-4064-b693-03f6c5f04395','fd34bee2-66dd-4374-b0ab-1bbd904effa7',101,'2025-06-22','2025-06-24',500000.00,1000000.00),('85c3db0a-f77c-454e-9f27-bead67f90742','8645a320-a058-43e8-901f-c69598e4fa45',710,'2025-03-20','2025-03-23',3000000.00,9000000.00),('86116284-c950-4e2a-86d5-9a0b11411bf7','70825cf6-6d34-4602-9dbe-ff4f2066fe19',105,'2025-06-05','2025-06-09',800000.00,3200000.00),('878cc672-1283-46b9-8a51-020a277c13c1','c84aa88e-0fdb-4f43-aebf-af6776174a66',710,'2025-08-28','2025-08-31',3000000.00,9000000.00),('87dd843a-ca64-41f6-8c54-61f1988d4433','d769c64c-623c-4639-b690-e94941616ccc',107,'2025-04-18','2025-04-22',1200000.00,4800000.00),('88c715db-082e-41a7-a8bf-2116ad2d7a06','bc4f3edc-5d00-4be1-921d-074211dab403',109,'2025-02-11','2025-02-13',1500000.00,3000000.00),('892a4347-6ec7-4e44-b3eb-1084185930aa','a270ec06-fdaa-40d9-9b33-64ebc0765ced',107,'2025-05-22','2025-05-27',1200000.00,6000000.00),('89a2f4b6-a897-45a3-923f-eb030b8f4442','d3ecad59-8a98-49b8-9d9d-e96e1e9a0e66',101,'2025-04-26','2025-04-28',500000.00,1000000.00),('8e6fcb86-2018-4614-8357-597bf2a224f7','1646fb79-1b05-4480-a3b5-201e6f8ede65',108,'2025-12-23','2025-12-27',1200000.00,4800000.00),('8f16429b-0b81-49b8-9335-daf0de1e6636','5aeb6d35-b392-4510-9abf-7ea3f64bf43e',109,'2025-11-05','2025-11-08',1500000.00,4500000.00),('90853f62-1091-47c7-a176-de2642103045','b610fc62-adcd-4258-834c-f7692235b8df',105,'2025-11-01','2025-11-04',800000.00,2400000.00),('90ff7f5b-40f0-4f72-88c1-b938279827ae','0b6092b7-be58-4c0b-8e7d-ea3e32a35ae5',710,'2025-11-10','2025-11-13',3000000.00,9000000.00),('91b9ad5f-49da-41a8-9758-1f965d3f1f54','7fa6d91f-639f-4ea5-b2b8-c194689ea16a',108,'2025-02-22','2025-02-27',1200000.00,6000000.00),('91bc19b9-9c40-4d87-ba37-a22355814394','ec4bd945-9680-4b70-9753-479695bcb72f',109,'2025-07-10','2025-07-14',1500000.00,6000000.00),('91f62ac0-12b3-4d8e-a256-796132ccb370','adcaf70a-c8f9-4176-a84c-6378f278ec5f',101,'2025-03-15','2025-03-17',500000.00,1000000.00),('96e140d8-d34a-4f6b-9b22-6c371f758fd3','d980bded-2f88-4de8-915c-7d11ae8e102a',108,'2025-05-12','2025-05-17',1200000.00,6000000.00),('97a11b2f-cc9a-457a-ad6f-42532febcd82','1a91109f-ba14-43e6-83af-6ee635891830',109,'2025-07-05','2025-07-08',1500000.00,4500000.00),('988d0b6a-ddb3-4c8d-8622-f41b60a62920','6e084967-38d7-43fb-9131-9da5e50419e5',107,'2025-09-03','2025-09-07',1200000.00,4800000.00),('98e02961-91ca-4589-8468-8ae701ddcae5','1646fb79-1b05-4480-a3b5-201e6f8ede65',508,'2025-12-23','2025-12-27',1200000.00,4800000.00),('990e17ae-8bfe-415d-ab01-ee1d1138dbfd','b892e19e-09ae-441b-8351-ab5a26ecdf6d',108,'2025-11-29','2025-12-02',1200000.00,3600000.00),('99a87c37-c65b-456d-89bc-c4462a3c81a0','daada6d0-523e-45b0-b197-590b0a9308a4',101,'2025-10-22','2025-10-24',500000.00,1000000.00),('9a66f891-40ae-4478-a64e-a9749ff13fbb','df90e6cb-c377-4bd8-94fd-290e3a270af7',108,'2025-07-12','2025-07-17',1200000.00,6000000.00),('9d1158e5-58d8-4a72-abd8-7a4afd609c09','3b1b600a-8269-4069-a0e6-26190957c295',201,'2025-10-18','2025-10-20',500000.00,1000000.00),('9f6f8dc5-7d31-4d52-8439-1d4f4e15b004','db2e944c-6a58-4e13-acec-01b36fec287e',101,'2025-09-08','2025-09-10',500000.00,1000000.00),('a00b63bb-bd96-43f6-8d3c-ad01bb0381ee','4bf03187-e1f3-43f0-bb0b-f286293f6cbc',105,'2025-07-15','2025-07-18',800000.00,2400000.00),('a0d4d36f-3617-4915-8581-86b30ce1d56a','8dbb1691-d805-4ef0-844a-98979bc8f18c',407,'2025-11-29','2025-12-02',1200000.00,3600000.00),('a12c0113-c9d8-4a0e-b479-740796c99daa','6fb23e2f-151b-4c6a-a8f2-8c4f254429af',105,'2025-07-25','2025-07-28',800000.00,2400000.00),('a1bd51cc-0cb6-4907-a994-23fe880aa3a3','c016df8d-8220-4b42-b285-76940d91edca',104,'2025-05-05','2025-05-09',800000.00,3200000.00),('a377e56d-9605-4d90-8d1a-ea6e5168e30e','1312a210-7ffc-48b6-8d1a-ff1529e4740b',101,'2025-12-08','2025-12-10',500000.00,1000000.00),('a4cb115e-d960-4f3f-8ee1-0499d7b9dfb5','40cd2553-2444-4148-8d7e-f0046f6c3651',104,'2025-04-02','2025-04-05',800000.00,2400000.00),('a59103fd-bcaf-4ef5-b34c-c4cf196c7f4c','5d5efb45-427a-42cb-8f1a-8d8eeb9a0cc2',104,'2025-06-25','2025-06-28',800000.00,2400000.00),('a7354d83-859d-45f3-877e-2632bb0f639c','d10cd26a-5532-4286-a704-37862df9993d',105,'2025-05-01','2025-05-04',800000.00,2400000.00),('a73fdb82-a024-4e0c-81fa-587930db712f','76cae5bc-c6b5-4b4c-80aa-75b90817bee3',110,'2025-02-15','2025-02-18',1500000.00,4500000.00),('aca01d44-97b0-42b8-8c07-2fc4b20e5efa','bb8cd13d-5b59-4945-8ce5-43bb39753e7e',109,'2025-01-03','2025-01-06',1500000.00,4500000.00),('ad09e374-1db2-4fae-98f8-54dc770d6617','a1721e3a-2e22-40ba-a42b-9fe4398ef17c',207,'2025-04-21','2025-04-25',1200000.00,4800000.00),('ad316571-27cc-470a-8419-cb3bf60de5f1','0c34e16d-4166-4904-a557-78865a7832e0',101,'2025-09-01','2025-09-03',500000.00,1000000.00),('ad6f6066-d66c-4e76-b92b-6c08c9193be9','965066a4-8ab9-4f55-92cb-8e587816c14d',110,'2025-05-20','2025-05-23',1500000.00,4500000.00),('ad78a13f-d7c3-4805-86b0-a01b21182b44','3eea0627-c749-4cb2-8842-c13e2c90f0f1',105,'2025-07-01','2025-07-04',800000.00,2400000.00),('ad80d6aa-fbf8-4de7-9bcd-1289a48c0c77','1e5d882e-bc70-410f-be17-f447edbdaa39',101,'2025-01-28','2025-01-30',500000.00,1000000.00),('adb6a250-5253-498a-9bfc-701bef6dbd0c','dc673616-9ba2-4448-b261-2b98627a047c',107,'2025-08-03','2025-08-07',1200000.00,4800000.00),('ae071d69-da98-4d9f-9b26-91b8b1e5f946','965066a4-8ab9-4f55-92cb-8e587816c14d',109,'2025-05-20','2025-05-23',1500000.00,4500000.00),('ae6ba50e-83d1-4445-a4ec-9e3afb727816','5cc9a885-4708-4e8c-a702-6b15ce8d26ac',304,'2025-12-01','2025-12-04',800000.00,2400000.00),('aeda2cec-4d5f-4b73-9b37-36c4a435170d','0c9e2f9c-dcc3-4574-99dd-5228cc00e031',109,'2025-10-05','2025-10-08',1500000.00,4500000.00),('af0c6fb9-dbfe-4a54-a86a-c470bbdaa923','adcaf70a-c8f9-4176-a84c-6378f278ec5f',105,'2025-03-15','2025-03-18',800000.00,2400000.00),('b0805195-e7cc-4a1b-836a-1e085bbc06e7','727361f8-9587-4c49-9675-22f81da42415',110,'2025-11-20','2025-11-23',1500000.00,4500000.00),('b0f8f5c9-2ae1-4493-8b13-02cc7538f284','e47b449d-5a58-43b4-a7ed-65fa0aeb732b',101,'2025-07-08','2025-07-10',500000.00,1000000.00),('b1e3adb8-6f1c-423f-8263-517bf64ce78d','0443498f-53cb-4e8e-8859-79391f4405ee',710,'2025-11-28','2025-12-01',3000000.00,9000000.00),('b32b4f77-7f36-4681-b10b-8b52d297d560','5cc9a885-4708-4e8c-a702-6b15ce8d26ac',102,'2025-12-01','2025-12-03',500000.00,1000000.00),('b3d09d43-f0c0-4e08-a8bf-2f0a5b8b9f9e','b7eed59d-55dd-471c-821e-5a1094b53215',109,'2025-09-20','2025-09-23',1500000.00,4500000.00),('b5359425-e28c-4fe0-9a2e-7b4ea02c8b4a','d24ffd34-c512-4377-9dd6-d0c7eba694e6',107,'2025-09-12','2025-09-17',1200000.00,6000000.00),('b55ce919-68d1-44e7-b98e-a44e7bc8ba68','dd224c1d-71e2-4647-ab66-968c5c18106e',105,'2025-02-03','2025-02-06',800000.00,2400000.00),('b56199e2-ca21-437e-a8de-6383c2a3677e','8b59dd37-4a5c-4205-8e7b-f0beeb6ec908',104,'2025-09-05','2025-09-09',800000.00,3200000.00),('b72d75ae-b182-4ade-a381-e577203ae542','adcaf70a-c8f9-4176-a84c-6378f278ec5f',104,'2025-03-15','2025-03-18',800000.00,2400000.00),('b78526f1-2c15-4e8e-95db-a1b435d6d924','8dbb1691-d805-4ef0-844a-98979bc8f18c',308,'2025-11-29','2025-12-02',1200000.00,3600000.00),('b79c82f8-d820-4d94-8cf4-2e08fdbd16bb','1646fb79-1b05-4480-a3b5-201e6f8ede65',106,'2025-12-23','2025-12-27',800000.00,3200000.00),('b7b0de4a-60f2-4751-b9c0-1f2fcc47f555','6fb23e2f-151b-4c6a-a8f2-8c4f254429af',104,'2025-07-25','2025-07-28',800000.00,2400000.00),('b941901e-8274-4c92-b879-a18f2e6b61f6','17c2c1de-5ddb-4157-bd8b-c05d1ca9cc92',101,'2025-11-08','2025-11-10',500000.00,1000000.00),('b958f71b-2df7-4ffc-91a7-58579ed3fdf0','8b1bd3db-d846-46ab-85f7-f04c570a7ec7',109,'2025-10-20','2025-10-23',1500000.00,4500000.00),('bb093e83-1e5f-48b2-905d-640adbbd3133','5710efa6-c145-481a-9bcf-43dff91d3ded',105,'2025-08-05','2025-08-09',800000.00,3200000.00),('bcc92775-0f39-422e-b1c3-d5b77c5d0872','e34ae98e-208e-4eb3-a598-14783afcb140',102,'2025-12-18','2025-12-20',500000.00,1000000.00),('beddda1a-9b4e-4b07-b503-f6bf5d073ff7','1a91109f-ba14-43e6-83af-6ee635891830',105,'2025-07-05','2025-07-09',800000.00,3200000.00),('bfc9e325-a044-4d94-8161-486ce673f7b9','2920c66d-5a28-48ec-8122-099ea4828e5b',101,'2025-03-18','2025-03-20',500000.00,1000000.00),('bfd1de90-0c84-461a-8742-b558e8f9edd4','bb4f0279-5130-4c24-bcd2-4ef95d39dfd4',710,'2025-12-10','2025-12-13',3000000.00,9000000.00),('c0e531c2-cfd1-4181-9e0c-4faea24a73c7','45bfd2be-2c7f-4dc2-b012-87ba869b1a88',105,'2025-12-05','2025-12-09',800000.00,3200000.00),('c296ce49-c74c-4eed-8ebe-af7257621ca8','c3878492-02bc-42b0-b7fb-979703c5809d',105,'2025-10-01','2025-10-04',800000.00,2400000.00),('c3552dd1-d598-4cab-8a60-c1dc49fb31a4','ab2e92a8-8b57-4146-b46a-ec3095cdf583',109,'2025-04-05','2025-04-08',1500000.00,4500000.00),('c429104d-6558-4b6f-bfc0-1d304bd4d7ca','70825cf6-6d34-4602-9dbe-ff4f2066fe19',104,'2025-06-05','2025-06-09',800000.00,3200000.00),('c516b64a-c1ca-44bc-ac7a-f6c18ff4d2d8','eabdbe89-9957-4250-831e-521befa8c5d0',110,'2025-01-15','2025-01-18',1500000.00,4500000.00),('c54af5c0-e4b2-461a-97ea-30c8c01ee10d','6c709e0d-f2e3-484a-8ded-5546ef819722',102,'2025-06-18','2025-06-20',500000.00,1000000.00),('c667220a-f6f6-4805-99c4-2a2ace7e1679','d257933b-8460-42de-a473-a296cf5b972f',207,'2025-11-12','2025-11-17',1200000.00,6000000.00),('c6d9d0b2-bebf-4a22-87d1-9d982906fd58','d769c64c-623c-4639-b690-e94941616ccc',108,'2025-04-18','2025-04-22',1200000.00,4800000.00),('c6e0e05f-2938-4435-bde0-30abc3c9da98','6d9961c8-dd65-4f1f-bc20-6f92ef9c697f',101,'2025-11-22','2025-11-24',500000.00,1000000.00),('c7cac725-0d20-4144-b942-0068ce4da396','a5242d6f-8754-488f-9558-fac517f65343',201,'2025-12-18','2025-12-20',500000.00,1000000.00),('c7f0a78a-38c0-453c-a9d1-f41564b990d2','ab23b470-c997-4a72-9e9f-a75b7b831242',101,'2025-03-01','2025-03-02',500000.00,500000.00),('c82e4cae-c051-49e4-90ae-7babc832a4cb','b610fc62-adcd-4258-834c-f7692235b8df',103,'2025-11-01','2025-11-03',500000.00,1000000.00),('c944acf1-a687-4eaf-99c3-b2d4dd72cdd4','3eea0627-c749-4cb2-8842-c13e2c90f0f1',101,'2025-07-01','2025-07-03',500000.00,1000000.00),('c9c2d77e-970c-414f-82fe-179469a5d78b','7fa6d91f-639f-4ea5-b2b8-c194689ea16a',107,'2025-02-22','2025-02-27',1200000.00,6000000.00),('c9d805e6-fd15-4514-9ac9-45b1f668abc0','076e3a26-6601-4579-995e-d5b6658768ba',104,'2025-09-15','2025-09-18',800000.00,2400000.00),('c9de0918-1cd0-4300-a893-7a2f9d600ca3','c7591000-f88e-4f46-a14b-b58658035260',110,'2025-07-20','2025-07-23',1500000.00,4500000.00),('ca5daf73-3cff-450c-a1ff-093c16f8ece9','88661f28-e47f-49db-9d7f-60bed2d072f7',107,'2025-03-12','2025-03-17',1200000.00,6000000.00),('ca745688-1a60-434a-b7cd-16f14cd71136','e84e4a01-5263-4057-82f4-1dafeaa0b7b2',107,'2025-08-22','2025-08-27',1200000.00,6000000.00),('cbac9bc2-9310-49ea-b0cf-33dbfcad96fa','5cc9a885-4708-4e8c-a702-6b15ce8d26ac',305,'2025-12-01','2025-12-04',800000.00,2400000.00),('cbf64a2a-0f36-4dab-a4ee-7dae334ef17a','e84e4a01-5263-4057-82f4-1dafeaa0b7b2',101,'2025-08-22','2025-08-24',500000.00,1000000.00),('cc12c54c-d2eb-4b6b-a080-f4b9f50306e8','9e47042a-2530-4cb0-b4b8-0b9fda043451',107,'2025-05-03','2025-05-07',1200000.00,4800000.00),('cc96736b-73e7-4c19-93bc-1d295eeccbfe','4867f58a-fe39-41e2-98ad-da386e45425e',105,'2025-09-25','2025-09-28',800000.00,2400000.00),('ccde7de6-6ff6-44ff-9d1b-d2f50ee57249','3b1b600a-8269-4069-a0e6-26190957c295',103,'2025-10-18','2025-10-20',500000.00,1000000.00),('cdcddf34-82d5-4eef-b8c9-ab3a52160b4c','c6615c68-7e03-44ef-a678-f685026702bd',109,'2025-06-10','2025-06-14',1500000.00,6000000.00),('cde780f5-6c8a-40ad-a0de-072abf6e8af9','aeb11571-1753-44fa-bd72-ffdee7b28ebf',207,'2025-01-08','2025-01-12',1200000.00,4800000.00),('ce6eabf5-f7c7-4ac6-a780-83622ba6b967','d257933b-8460-42de-a473-a296cf5b972f',107,'2025-11-12','2025-11-17',1200000.00,6000000.00),('cf9ce803-f88e-40b6-aff7-86fa1b43bbff','b892e19e-09ae-441b-8351-ab5a26ecdf6d',105,'2025-11-30','2025-12-03',800000.00,2400000.00),('cfadeae1-d7cf-4f44-8d8a-aa7a935a4ea0','c28ee040-5ff5-4dd4-a457-4d668f0884ed',109,'2025-11-10','2025-11-14',1500000.00,6000000.00),('cfda2a2b-fdf7-4fc4-8117-a8f660b1fe5a','d6b450e4-5d02-49de-88b6-0eab77d6db0f',101,'2025-10-08','2025-10-10',500000.00,1000000.00),('d2b5f36a-654d-469c-bd09-750ceb63ab96','40cd2553-2444-4148-8d7e-f0046f6c3651',101,'2025-04-02','2025-04-04',500000.00,1000000.00),('d2b6cb43-49ff-4461-bb58-51902a399d3d','9decffc9-cb43-428b-a66a-6bceaa068e69',110,'2025-06-20','2025-06-23',1500000.00,4500000.00),('d2c45093-119c-4547-a001-424739596ef9','6ae45b6d-cef0-4e73-9278-7eb8461baade',107,'2025-07-22','2025-07-27',1200000.00,6000000.00),('d4361b34-7460-43a5-b5f5-599c0c3335a2','fd34bee2-66dd-4374-b0ab-1bbd904effa7',107,'2025-06-22','2025-06-27',1200000.00,6000000.00),('d592d0d2-4217-495d-b218-ebe782972a7f','8dbb1691-d805-4ef0-844a-98979bc8f18c',206,'2025-11-30','2025-12-03',800000.00,2400000.00),('d63193ec-3d5b-4ef2-b4c4-29d24e8674a3','5eaa7697-fbbb-468b-b337-c1827a6171b8',110,'2025-04-24','2025-04-27',1500000.00,4500000.00),('d652163a-1ba0-4dd9-ab2a-81f52a10ea39','67aa5221-5e8e-4a3e-bd9c-ec3e42f181c8',109,'2025-03-09','2025-03-12',1500000.00,4500000.00),('d6735454-a2f6-42cc-b330-930c43e312bf','67aa5221-5e8e-4a3e-bd9c-ec3e42f181c8',105,'2025-03-09','2025-03-11',800000.00,1600000.00),('d7e3a2ae-41eb-4758-b794-43611f45cd81','4867f58a-fe39-41e2-98ad-da386e45425e',104,'2025-09-25','2025-09-28',800000.00,2400000.00),('d7ed6155-8b8b-49bd-909c-b43b0fd7bcd9','79f50338-35b7-4e84-ad1c-00a31f1dbd1d',710,'2025-04-16','2025-04-19',3000000.00,9000000.00),('d8eb7074-bf1f-4e90-ab34-d6e65a700316','8b324870-4f47-439e-b9d6-bd919aa6f69f',107,'2025-06-03','2025-06-07',1200000.00,4800000.00),('da49e55d-31b8-4b23-8e76-86b7fb602d87','3288b1e5-6188-4a3a-b07d-b93f3abbcea1',109,'2025-05-10','2025-05-14',1500000.00,6000000.00),('db3ceea5-5526-4994-9d7b-7d41f378a513','5aeb6d35-b392-4510-9abf-7ea3f64bf43e',105,'2025-11-05','2025-11-09',800000.00,3200000.00),('dc04ac7b-89bc-4809-a910-2b968030682b','49c72482-3e6f-4b1d-91b2-0fbdcdb3b9f1',104,'2025-12-20','2025-12-25',800000.00,4000000.00),('dd1fcd80-26ba-4df2-a231-2aa7d32263c0','1a91109f-ba14-43e6-83af-6ee635891830',104,'2025-07-05','2025-07-09',800000.00,3200000.00),('dd52d772-52bc-481e-b199-6383fc7c22f4','f342c604-e62d-4be7-8def-704bc5eb73c3',101,'2025-02-01','2025-02-03',500000.00,1000000.00),('ddad7c3d-1436-4735-82b0-91414b9c7c08','67aa5221-5e8e-4a3e-bd9c-ec3e42f181c8',104,'2025-03-09','2025-03-11',800000.00,1600000.00),('e0a72074-16f3-48a7-a2ff-300ef965f47b','1afc0db9-a294-4514-8de7-d9edd8af9e69',104,'2025-10-25','2025-10-28',800000.00,2400000.00),('e11b8fb7-5773-465b-92d0-e657be987fd3','8dbb1691-d805-4ef0-844a-98979bc8f18c',205,'2025-11-30','2025-12-03',800000.00,2400000.00),('e36f0043-bcca-4936-9b3b-99eecc2a35e8','bcb70580-801c-42ad-afc0-f9f4ae4ca5f7',201,'2025-09-18','2025-09-20',500000.00,1000000.00),('e47c033e-e6da-43f7-b9d0-3b0dcbf17aba','1646fb79-1b05-4480-a3b5-201e6f8ede65',105,'2025-12-23','2025-12-27',800000.00,3200000.00),('e4c49081-07c1-45dd-95c1-5130960d5d8c','1646fb79-1b05-4480-a3b5-201e6f8ede65',507,'2025-12-23','2025-12-27',1200000.00,4800000.00),('e4ca6914-9d53-4873-bbe3-ac22a65b7e1b','0c9e2f9c-dcc3-4574-99dd-5228cc00e031',105,'2025-10-05','2025-10-09',800000.00,3200000.00),('e4ffd415-1e41-4916-809b-b9e485244d3a','c3878492-02bc-42b0-b7fb-979703c5809d',101,'2025-10-01','2025-10-03',500000.00,1000000.00),('e5508e57-435e-46ed-8c9c-e59aa52a1355','bb4f0279-5130-4c24-bcd2-4ef95d39dfd4',109,'2025-12-10','2025-12-14',1500000.00,6000000.00),('e5a29143-a60f-4ab0-9da9-e8dd41e32219','f81aaea3-2577-45c5-822d-205bde6c56e1',104,'2025-10-15','2025-10-18',800000.00,2400000.00),('e5b3b86f-b508-4395-ac7c-9a7ce9d574bd','c3878492-02bc-42b0-b7fb-979703c5809d',104,'2025-10-01','2025-10-04',800000.00,2400000.00),('e6406952-1c91-4699-b06d-ab4bfc69c9c1','e57a5147-a6dd-4014-8fa4-4bcfaf503b6a',108,'2025-11-03','2025-11-07',1200000.00,4800000.00),('e7f240b1-cdcf-4740-98d1-d25fb18dd36f','a6521880-38da-45dc-a270-25556e88f056',110,'2025-04-08','2025-04-11',1500000.00,4500000.00),('e8c6ce23-cf42-4f24-9b03-f8b3990bbbd2','a8a348fa-fbac-4ccd-be99-0267d35a06d9',102,'2025-04-20','2025-04-22',500000.00,1000000.00),('e9a117ab-ae0c-4d1f-8c84-2e0285d6967c','d5646d2c-3242-48b5-b8ab-c27b9bf1b0db',104,'2025-01-05','2025-01-08',800000.00,2400000.00),('ec690634-e1ab-4317-ba9b-bec50551982b','39073b72-e2fb-4c27-8698-b071f883ec37',101,'2025-03-04','2025-03-06',500000.00,1000000.00),('ec93f25b-8ec3-486b-8995-1073174a42af','e2f73f42-71b3-4795-b716-1d921e1851d6',204,'2025-12-15','2025-12-18',800000.00,2400000.00),('ed5ee2ed-c95a-47bc-b1e4-0dc89398c93c','c7591000-f88e-4f46-a14b-b58658035260',109,'2025-07-20','2025-07-23',1500000.00,4500000.00),('ed6f9dde-c83d-4a1b-bc5d-aeff6f8207cc','995d25cb-7420-4b73-a148-daa4dd03101d',710,'2025-08-10','2025-08-13',3000000.00,9000000.00),('ee1831a0-9469-44e6-a987-d1ce91c9ea4e','45bfd2be-2c7f-4dc2-b012-87ba869b1a88',104,'2025-12-05','2025-12-09',800000.00,3200000.00),('ef0402d7-1c41-436d-be2a-c92d5a998acb','daada6d0-523e-45b0-b197-590b0a9308a4',107,'2025-10-22','2025-10-27',1200000.00,6000000.00),('ef8449e8-bf52-4de9-8252-930b30564f49','49c72482-3e6f-4b1d-91b2-0fbdcdb3b9f1',110,'2025-12-22','2025-12-25',1500000.00,4500000.00),('f43a74f6-2d66-459a-90ab-4ff1f9db98bb','1e5d882e-bc70-410f-be17-f447edbdaa39',104,'2025-01-28','2025-01-31',800000.00,2400000.00),('f58f4bb8-7eac-40ad-ba93-69bb657e9f75','b892e19e-09ae-441b-8351-ab5a26ecdf6d',104,'2025-11-30','2025-12-03',800000.00,2400000.00),('f651e03c-7caa-4ed0-ae98-1bd7bab413af','da88a1f9-2a66-4962-a277-cedd9d37c6e5',107,'2025-08-12','2025-08-17',1200000.00,6000000.00),('f7192269-3870-4289-ac91-1213ff398ee5','6ae45b6d-cef0-4e73-9278-7eb8461baade',101,'2025-07-22','2025-07-24',500000.00,1000000.00),('f7e99f47-0568-4101-9855-0946284e334b','54022fa1-f787-47dd-86eb-ae9d6d48ab36',102,'2025-05-18','2025-05-20',500000.00,1000000.00),('f8859c48-ebbe-4abb-a604-6f290d381a90','bcb70580-801c-42ad-afc0-f9f4ae4ca5f7',103,'2025-09-18','2025-09-20',500000.00,1000000.00),('f96b0fa3-698f-41d0-b572-1ea384fa9f18','10dfaf3d-c115-4f9e-bca8-5ec94e73c53b',104,'2025-08-15','2025-08-18',800000.00,2400000.00),('f9c995a3-4621-46c0-a992-06f1601eb87f','f7e46ee6-a53c-4b81-90d7-ed35aa0a5cb2',710,'2025-04-28','2025-05-01',3000000.00,9000000.00),('fa4d94f5-80df-4e48-baae-69a7818035b9','1646fb79-1b05-4480-a3b5-201e6f8ede65',407,'2025-12-23','2025-12-27',1200000.00,4800000.00),('fb5728b1-b232-4b8a-a6dc-374b35fdb398','3b1b600a-8269-4069-a0e6-26190957c295',102,'2025-10-18','2025-10-20',500000.00,1000000.00),('fb856733-5064-4b55-be6a-ac3017d8fcb1','bc4f3edc-5d00-4be1-921d-074211dab403',105,'2025-02-11','2025-02-15',800000.00,3200000.00),('fbbab1f9-d1d3-4ca2-8fbf-95f478dc660e','8b1bd3db-d846-46ab-85f7-f04c570a7ec7',110,'2025-10-20','2025-10-23',1500000.00,4500000.00),('fc5693cf-a6eb-4512-be2b-3affd68f1257','a5242d6f-8754-488f-9558-fac517f65343',103,'2025-12-18','2025-12-20',500000.00,1000000.00),('fd531a87-b0cf-4c49-8e36-4ae7cadd37f2','a5242d6f-8754-488f-9558-fac517f65343',102,'2025-12-18','2025-12-20',500000.00,1000000.00),('fd5f9aae-198b-4acc-8611-9d41ec5c25c0','d5646d2c-3242-48b5-b8ab-c27b9bf1b0db',101,'2025-01-05','2025-01-07',500000.00,1000000.00),('fd9bc738-f453-472e-a008-50b2ec7500ca','5eaa7697-fbbb-468b-b337-c1827a6171b8',109,'2025-04-24','2025-04-27',1500000.00,4500000.00),('fe6bb904-1367-4cb4-a9c7-8295d8d63b04','dd224c1d-71e2-4647-ab66-968c5c18106e',104,'2025-02-03','2025-02-06',800000.00,2400000.00);
/*!40000 ALTER TABLE `reservationroom` ENABLE KEYS */;
UNLOCK TABLES;

--
-- Table structure for table `reservationservice`
--

DROP TABLE IF EXISTS `reservationservice`;
/*!40101 SET @saved_cs_client     = @@character_set_client */;
/*!50503 SET character_set_client = utf8mb4 */;
CREATE TABLE `reservationservice` (
  `id` varchar(36) NOT NULL,
  `reservationRoomId` varchar(36) NOT NULL,
  `serviceId` int NOT NULL,
  `quantity` tinyint NOT NULL DEFAULT '1',
  `totalAmount` decimal(10,2) NOT NULL,
  `usedAt` datetime NOT NULL,
  `createdBy` int NOT NULL,
  PRIMARY KEY (`id`),
  KEY `FK_resservice_resroom` (`reservationRoomId`),
  KEY `FK_resservice_service` (`serviceId`),
  KEY `FK_reservationService_user` (`createdBy`),
  CONSTRAINT `FK_reservationService_user` FOREIGN KEY (`createdBy`) REFERENCES `user` (`id`),
  CONSTRAINT `FK_resservice_resroom` FOREIGN KEY (`reservationRoomId`) REFERENCES `reservationroom` (`id`) ON DELETE CASCADE,
  CONSTRAINT `FK_resservice_service` FOREIGN KEY (`serviceId`) REFERENCES `service` (`id`) ON DELETE CASCADE
) ENGINE=InnoDB DEFAULT CHARSET=utf8mb4 COLLATE=utf8mb4_0900_ai_ci;
/*!40101 SET character_set_client = @saved_cs_client */;

--
-- Dumping data for table `reservationservice`
--

LOCK TABLES `reservationservice` WRITE;
/*!40000 ALTER TABLE `reservationservice` DISABLE KEYS */;
INSERT INTO `reservationservice` VALUES ('00539a30-0399-4749-82c5-9568249c2f4d','f96b0fa3-698f-41d0-b572-1ea384fa9f18',4,2,200000.00,'2025-11-26 07:44:39',5),('02a67d6c-c69f-43ea-86a4-bbfeedd03246','01bf460b-e114-4990-bf52-30d27441b2a1',4,6,600000.00,'2025-11-26 00:39:19',5),('036719ae-4125-4ee9-afa7-2334203ee653','20ac22ac-f51b-463b-857d-209695742c86',3,1,250000.00,'2025-11-26 07:42:15',5),('04a486b3-9656-4d83-a167-56b57e5c9aa2','d652163a-1ba0-4dd9-ab2a-81f52a10ea39',5,1,650000.00,'2025-11-25 21:01:18',5),('073b9bf2-e0bb-4a34-9f7d-8100f187e53b','0e96f349-2ebd-4659-a558-0d6dd651723f',4,2,200000.00,'2025-11-26 01:05:32',5),('0c551cf6-54e8-45de-b117-05e98f1d771e','a73fdb82-a024-4e0c-81fa-587930db712f',5,2,1300000.00,'2025-11-25 23:01:37',5),('114e8105-7193-483a-ba84-f0d8ad716521','a00b63bb-bd96-43f6-8d3c-ad01bb0381ee',4,2,200000.00,'2025-11-26 01:52:59',5),('12e59633-1921-46e0-9dbe-20c802c3b9b8','6bb7d974-497c-41f4-a264-ffefe1f83198',4,2,200000.00,'2025-11-25 23:44:59',5),('17ebd242-4e2c-446b-a33a-49c9c9b2420a','53ad61c0-223f-4c66-85d3-b4ea82cffc06',4,2,200000.00,'2025-11-26 08:31:42',5),('19dba810-e719-4fbe-b48b-46ad911021cf','23a4936c-046b-4fbc-8663-50763bd95242',2,1,150000.00,'2025-11-26 00:33:40',5),('1a56dbcd-972e-4059-94f2-644a1e3a398d','38cb9e7d-ba18-48c1-b773-803ec04b8541',4,3,300000.00,'2025-11-26 00:32:03',5),('1cca239f-3921-461e-b61e-3abbc938318e','18ca8be5-ec96-4ae0-94db-7d8e96261d76',5,3,1950000.00,'2025-11-26 01:59:19',5),('1dcc345b-a3cd-497a-812a-86ba8e1b1dae','45d4d34a-e875-43e0-9607-df5ed7d261aa',1,2,100000.00,'2025-11-26 08:44:54',5),('202ad749-0f04-4093-94d2-ba6f1b2ba694','7d0c87a0-07ed-4bf1-afcc-7877f80547e3',5,4,2600000.00,'2025-11-26 10:11:16',5),('20621621-6861-4d65-a0a3-923fcef74b75','740ba582-a0d4-4a82-8eb7-bb707febeecf',2,1,150000.00,'2025-11-25 21:43:42',5),('21b56fa3-1c55-421c-89a7-e22c3f822a15','3c75b236-166a-4ea5-8ac5-7b624dbac69e',1,2,100000.00,'2025-11-25 21:08:33',5),('23041b94-13e7-44bc-91a3-c0343d870a94','17980a12-2a55-4557-b5e6-699039bd5f08',3,1,250000.00,'2025-11-26 08:02:45',5),('23ead899-431b-48b5-85ac-7184b67bf12c','da49e55d-31b8-4b23-8e76-86b7fb602d87',5,2,1300000.00,'2025-11-26 00:29:08',5),('256ce72c-8f97-45c1-8eea-0a915d57efe3','d8eb7074-bf1f-4e90-ab34-d6e65a700316',6,1,500000.00,'2025-11-26 00:55:02',5),('2a83af3d-5e80-40bb-a732-ef0d55c3a78c','88c715db-082e-41a7-a8bf-2116ad2d7a06',2,2,300000.00,'2025-11-25 23:11:07',5),('2ad43639-004e-4f55-8e5e-3a2ef3cc3500','ce6eabf5-f7c7-4ac6-a780-83622ba6b967',6,1,500000.00,'2025-11-26 10:03:58',5),('2af94d4f-5c1c-4908-af36-7099c6a69390','6a7145d8-d3b0-41f1-960e-7ce47c72a9fa',4,2,200000.00,'2025-11-26 10:02:05',5),('2b2da48b-735e-4027-a6e4-ff4cea160b31','b0805195-e7cc-4a1b-836a-1e085bbc06e7',5,2,1300000.00,'2025-11-26 10:08:19',5),('2d6e499e-8cb9-44cd-ab95-afa6be8dbf68','ca745688-1a60-434a-b7cd-16f14cd71136',3,1,250000.00,'2025-11-26 07:47:40',5),('2fbfb629-5d22-4ad8-9c42-ae98081070a5','1e932a66-c68b-465b-b341-97b3124707b4',2,1,150000.00,'2025-11-25 23:36:42',5),('2feea8a7-432d-442f-9d4d-edbf81fce3c0','4cf43b2d-feb2-461c-8464-8654a0133050',4,2,200000.00,'2025-11-25 20:50:07',5),('3161c14e-5b5d-4886-8214-0d9af36f9771','5a27824d-a20c-4c64-94f6-e83c7664817d',1,1,50000.00,'2025-11-26 08:12:14',5),('3165213a-d121-4457-b19b-7c2c158f105a','878cc672-1283-46b9-8a51-020a277c13c1',5,2,1300000.00,'2025-11-26 07:50:44',5),('318322aa-baad-46b4-8f27-6e5099ef148a','adb6a250-5253-498a-9bfc-701bef6dbd0c',1,3,150000.00,'2025-11-26 07:26:02',5),('32a95b22-1590-4fef-b0a3-bb54ac6031e8','f43a74f6-2d66-459a-90ab-4ff1f9db98bb',2,2,300000.00,'2025-11-25 22:11:59',5),('3645966e-6541-46af-b660-a2d4f006120e','a73fdb82-a024-4e0c-81fa-587930db712f',6,1,500000.00,'2025-11-25 23:01:29',5),('3c1179f2-c07f-415c-a69d-9a0ece35afbc','d7ed6155-8b8b-49bd-909c-b43b0fd7bcd9',4,1,100000.00,'2025-11-25 23:38:53',5),('3c773eb1-0263-463e-9d0e-65ba009593a1','802db0fd-30e2-4746-9129-b345818f08e4',4,4,400000.00,'2025-11-26 07:58:26',5),('3dde4fcd-6480-4e60-b8df-38c39faa827e','cfda2a2b-fdf7-4fc4-8117-a8f660b1fe5a',4,1,100000.00,'2025-11-26 08:20:10',5),('3ed2f04a-e719-480a-8ad6-0028b57eedaf','0aeba89f-0851-4599-8687-bc2f8e0774fd',3,1,250000.00,'2025-11-26 08:22:09',5),('3f496d4e-73f4-4ab5-bb3c-a40918afab86','6cbbdb8e-6d79-4dba-9455-08882f5e2f6d',4,2,200000.00,'2025-11-26 10:13:13',5),('41ef0cd7-44e4-4869-a187-bb241b174d05','b958f71b-2df7-4ffc-91a7-58579ed3fdf0',4,4,400000.00,'2025-11-26 08:27:54',5),('42460910-da7d-43c6-b905-fb47a4f7299f','adb6a250-5253-498a-9bfc-701bef6dbd0c',6,1,500000.00,'2025-11-26 07:25:45',5),('4304d2cc-6736-4f97-a0bb-bb72a48e903e','13917c5f-0e4e-4d32-9f4f-c548ce32c735',3,1,250000.00,'2025-11-25 23:04:05',5),('44f2ae92-a2c7-430d-8653-b78390508155','0e96f349-2ebd-4659-a558-0d6dd651723f',2,1,150000.00,'2025-11-26 01:05:23',5),('4758e272-b5dc-4148-8f99-6881c1b02b41','1e932a66-c68b-465b-b341-97b3124707b4',1,2,100000.00,'2025-11-25 23:32:35',5),('49699da8-7bbb-42af-aa0a-97183512c1c4','d2c45093-119c-4547-a001-424739596ef9',2,2,300000.00,'2025-11-26 01:56:11',5),('4bafba19-cc70-4447-aa74-ac5d620e5fe4','6770dc5a-f67d-4071-9171-67c145a8ba8f',1,1,50000.00,'2025-11-25 21:06:16',5),('4c61573d-599b-4a5c-aec8-cb12a444002b','c3552dd1-d598-4cab-8a60-c1dc49fb31a4',4,1,100000.00,'2025-11-25 23:41:13',5),('4cb33cb0-0db4-45d2-b0d5-aa9b26551926','692e6a8c-ca75-4b06-87a6-b97856987235',1,1,50000.00,'2025-11-25 23:02:25',5),('4f4c4fe8-fe0e-49dd-a36b-903836a4f94b','4900517d-e2cf-405f-bafe-7729af4eb250',5,4,2600000.00,'2025-11-26 08:34:06',5),('4fcf0469-e74c-4495-a239-0da287241cfa','14742af3-e9d0-4ee6-a8d9-52783f9b95a5',3,1,250000.00,'2025-11-25 21:46:05',5),('54d4808f-c492-4cec-aaf7-1282e842163c','45d4d34a-e875-43e0-9607-df5ed7d261aa',2,2,300000.00,'2025-11-26 08:44:47',5),('55c554b4-d621-46a9-9101-0e241d147dda','105ea1c8-f0de-4453-a4c5-e914ac85ad2d',6,1,500000.00,'2025-11-25 20:44:23',5),('5631e74a-4b28-4188-9d5d-66edb8e8d161','d2c45093-119c-4547-a001-424739596ef9',4,6,600000.00,'2025-11-26 01:56:02',5),('5a2f41ff-c038-48ac-b29c-fab059fe02e6','c667220a-f6f6-4805-99c4-2a2ace7e1679',5,4,2600000.00,'2025-11-26 10:04:54',5),('5c2a63b7-00d4-4d94-881a-e50f6fadd4e4','0e96f349-2ebd-4659-a558-0d6dd651723f',5,2,1300000.00,'2025-11-26 01:00:35',5),('5c8aa0d1-7d71-4187-bb0a-940b66b7183f','643f3742-f25a-4de3-8c8a-d2fc864b85d4',3,1,250000.00,'2025-11-26 01:49:23',5),('5f99b065-9e1b-4052-b3df-958fd5598c80','af0c6fb9-dbfe-4a54-a86a-c470bbdaa923',4,2,200000.00,'2025-11-25 20:34:50',5),('61973f54-8539-4df2-8aa9-fa5608d8267e','5fa811a1-6a00-49f3-a5a6-3ad6e54ca4db',2,1,150000.00,'2025-11-26 08:39:26',5),('63155f05-c3b9-40f9-9df6-51feb00cb9c9','5a27824d-a20c-4c64-94f6-e83c7664817d',5,2,1300000.00,'2025-11-26 08:12:05',5),('6757e1cc-bef7-4f38-8796-4daed0ed4224','ca5daf73-3cff-450c-a1ff-093c16f8ece9',1,2,100000.00,'2025-11-25 20:52:58',5),('69a102e5-3b33-4e98-b71a-073ef63751ee','802db0fd-30e2-4746-9129-b345818f08e4',4,3,300000.00,'2025-11-26 07:56:17',5),('69c810d0-43d2-465e-8037-ce8bb65b9b0f','802db0fd-30e2-4746-9129-b345818f08e4',3,1,250000.00,'2025-11-26 07:58:18',5),('6a57c965-b5ea-4846-ade7-471a681748c8','7d0c87a0-07ed-4bf1-afcc-7877f80547e3',4,4,400000.00,'2025-11-26 10:08:58',5),('6b2b423a-e984-44d9-861c-d3b63a59e000','6c99d564-6a5c-4be3-aac6-40e20ca8d8eb',4,3,300000.00,'2025-11-25 21:40:55',5),('6bf92482-08bf-4936-bd77-026fd8577650','105ea1c8-f0de-4453-a4c5-e914ac85ad2d',4,3,300000.00,'2025-11-25 20:44:14',5),('6c4f5673-0658-43a6-bc6c-5307cc7d0445','01bf460b-e114-4990-bf52-30d27441b2a1',5,4,2600000.00,'2025-11-26 00:39:12',5),('6d3a7007-4f73-43cc-b9c5-0a91df6daa89','472d67e2-51db-4c45-9e3a-9ce3a9ccdbb4',3,1,250000.00,'2025-11-26 01:12:06',5),('70b62af0-1e10-467b-88a4-9e2a04fe9b91','4cf43b2d-feb2-461c-8464-8654a0133050',3,1,250000.00,'2025-11-25 20:49:58',5),('71f2c7fa-d80f-4f78-a1c6-c49fd7839607','af0c6fb9-dbfe-4a54-a86a-c470bbdaa923',1,1,50000.00,'2025-11-25 20:34:37',5),('767f1bed-908d-4785-b505-9374b501666a','38ee8916-0c6a-474d-a3df-7e6e8f97f53f',2,1,150000.00,'2025-11-26 08:18:20',5),('79e56ed5-6045-4c40-9ac8-cabdce599d31','b958f71b-2df7-4ffc-91a7-58579ed3fdf0',6,1,500000.00,'2025-11-26 08:28:09',5),('7b2f86cf-bb74-4e1b-a514-8509cd083441','ca5daf73-3cff-450c-a1ff-093c16f8ece9',5,2,1300000.00,'2025-11-25 20:53:16',5),('7bfebf94-c391-4d59-ab22-29e59861d3f0','88c715db-082e-41a7-a8bf-2116ad2d7a06',5,2,1300000.00,'2025-11-25 23:10:11',5),('7cade1e7-fda7-4506-b28f-466ed4b9edcc','4a1db60a-9e09-469e-8fd0-8318387fef22',2,1,150000.00,'2025-11-26 08:09:05',5),('7d3b1522-eadc-4c50-bcdc-890bf5d66c7c','802db0fd-30e2-4746-9129-b345818f08e4',6,1,500000.00,'2025-11-26 07:56:09',5),('7d61d612-0c31-4116-94d2-7a9fe6ab5282','d7ed6155-8b8b-49bd-909c-b43b0fd7bcd9',3,1,250000.00,'2025-11-25 23:38:34',5),('7dfa951f-89e9-4152-af4a-c690cb91bc0b','f9c995a3-4621-46c0-a992-06f1601eb87f',3,1,250000.00,'2025-11-25 23:51:04',5),('7faee0f5-cf41-448c-a078-a1e925951862','d652163a-1ba0-4dd9-ab2a-81f52a10ea39',1,1,50000.00,'2025-11-25 21:01:24',5),('81528c97-a713-4a83-ba82-4cd474a87f7b','c944acf1-a687-4eaf-99c3-b2d4dd72cdd4',4,8,800000.00,'2025-11-26 01:46:12',5),('823139c3-4295-47fe-acea-62a00a633ede','a7354d83-859d-45f3-877e-2632bb0f639c',4,2,200000.00,'2025-11-26 00:28:21',5),('83cdcec3-ad5c-49f0-b100-de729cd113bd','f9c995a3-4621-46c0-a992-06f1601eb87f',5,1,650000.00,'2025-11-25 23:51:13',5),('8a8f5bfb-b1dd-4dfa-9286-178785504aa2','e0a72074-16f3-48a7-a2ff-300ef965f47b',4,2,200000.00,'2025-11-26 08:32:20',5),('8fbb7108-1c4f-4ddf-93be-51e52440656d','4a1db60a-9e09-469e-8fd0-8318387fef22',4,4,400000.00,'2025-11-26 08:08:53',5),('919f61d6-7baa-4571-9343-85e860a7b837','d7ed6155-8b8b-49bd-909c-b43b0fd7bcd9',5,1,650000.00,'2025-11-25 23:38:44',5),('928bc4f8-16d1-43bb-86a8-f54cf49de229','c9d805e6-fd15-4514-9ac9-45b1f668abc0',5,2,1300000.00,'2025-11-26 08:05:00',5),('93f7b9c8-8c6f-4f09-9a6b-9ec58035890e','d8eb7074-bf1f-4e90-ab34-d6e65a700316',4,6,600000.00,'2025-11-26 00:54:54',5),('95b21b49-f427-45c9-95a6-4621a14f9974','d2b6cb43-49ff-4461-bb58-51902a399d3d',5,1,650000.00,'2025-11-26 01:09:23',5),('975568e9-dd72-4b4b-bef4-c1d58e5e96f5','61dc5a71-ada9-4d3e-9899-833aa2eea59c',1,2,100000.00,'2025-11-26 10:13:51',5),('981ee96c-78cd-4e32-b3cf-fa62c83c5508','38cb9e7d-ba18-48c1-b773-803ec04b8541',1,1,50000.00,'2025-11-26 00:31:56',5),('a44be715-9495-48e2-8578-1a101f28d56c','13917c5f-0e4e-4d32-9f4f-c548ce32c735',4,1,100000.00,'2025-11-25 23:04:15',5),('a83851de-7b5b-48a1-951d-1a8a9956966a','b55ce919-68d1-44e7-b98e-a44e7bc8ba68',2,1,150000.00,'2025-11-25 22:29:11',5),('a8605d8c-a77c-4c79-ab63-0260b1418136','18ca8be5-ec96-4ae0-94db-7d8e96261d76',3,1,250000.00,'2025-11-26 01:59:12',5),('a8b9417b-6871-4087-9361-1fed5950f19c','a00b63bb-bd96-43f6-8d3c-ad01bb0381ee',2,1,150000.00,'2025-11-26 01:52:53',5),('ad2581bc-eaae-41bd-b04d-9928d91162c9','fbbab1f9-d1d3-4ca2-8fbf-95f478dc660e',3,1,250000.00,'2025-11-26 08:28:51',5),('ad57c64a-cb35-4c51-bf8a-1fcf92ca6b65','7a014be0-60fc-4244-92db-a6551e987dd1',2,1,150000.00,'2025-11-25 23:05:55',5),('ae75e946-7512-4b27-b627-ce1e40a4a932','a4cb115e-d960-4f3f-8ee1-0499d7b9dfb5',4,2,200000.00,'2025-11-25 23:31:44',5),('aea3d5c2-cd74-44e0-a6e1-15c6f17224c4','c944acf1-a687-4eaf-99c3-b2d4dd72cdd4',5,1,650000.00,'2025-11-26 01:44:11',5),('af954165-085a-401f-a35a-f920e40a71b3','01bf460b-e114-4990-bf52-30d27441b2a1',3,1,250000.00,'2025-11-26 00:39:01',5),('b0b563eb-0810-48da-9fb9-ebc4cd2be151','38ee8916-0c6a-474d-a3df-7e6e8f97f53f',4,4,400000.00,'2025-11-26 08:18:32',5),('b72740b5-774c-454a-8147-56dc7816e512','d8eb7074-bf1f-4e90-ab34-d6e65a700316',1,3,150000.00,'2025-11-26 00:55:10',5),('b7ad0996-bfb8-40c2-a1a0-a2667edc1758','3c75b236-166a-4ea5-8ac5-7b624dbac69e',6,1,500000.00,'2025-11-25 21:08:19',5),('c0f9e668-acbf-469d-803d-bb3cccab5c1c','f96b0fa3-698f-41d0-b572-1ea384fa9f18',2,1,150000.00,'2025-11-26 07:44:47',5),('c361d402-8518-42c3-9acb-703fc241e0bc','c944acf1-a687-4eaf-99c3-b2d4dd72cdd4',1,3,150000.00,'2025-11-26 01:46:21',5),('c561f07f-fc16-471a-9ef2-8b9c844f70a0','6770dc5a-f67d-4071-9171-67c145a8ba8f',5,3,1950000.00,'2025-11-25 21:06:08',5),('c57a9855-6c2e-4d16-aa0e-c49ca9e461a3','adb6a250-5253-498a-9bfc-701bef6dbd0c',4,6,600000.00,'2025-11-26 07:25:52',5),('c64746fc-eaf9-4d59-98f7-e064c47d14eb','ca745688-1a60-434a-b7cd-16f14cd71136',1,2,100000.00,'2025-11-26 07:47:59',5),('c71ddc2f-993b-477f-85a8-f3440b6b4e8e','14742af3-e9d0-4ee6-a8d9-52783f9b95a5',5,2,1300000.00,'2025-11-25 21:46:19',5),('c8079d19-527c-414d-887c-dcdb0fecd8f9','105ea1c8-f0de-4453-a4c5-e914ac85ad2d',5,1,650000.00,'2025-11-25 20:46:48',5),('ceb0e80d-40fc-450c-8be5-e8a77a2b8718','20ac22ac-f51b-463b-857d-209695742c86',4,3,300000.00,'2025-11-26 07:42:22',5),('cf423d13-8956-4e1b-956b-ef5c3fe28de7','b958f71b-2df7-4ffc-91a7-58579ed3fdf0',1,2,100000.00,'2025-11-26 08:28:01',5),('d2d063e1-def9-416a-9e21-8067c28a4fac','7d0c87a0-07ed-4bf1-afcc-7877f80547e3',2,3,450000.00,'2025-11-26 10:11:08',5),('d2f8498d-db0a-4026-b73b-65f3ad3a5038','472d67e2-51db-4c45-9e3a-9ce3a9ccdbb4',5,4,2600000.00,'2025-11-26 01:12:17',5),('d563696c-f6d7-402b-854c-1ba82d2dcb63','7e94117b-5f93-4422-9397-d2f234788df6',5,1,650000.00,'2025-11-26 01:08:54',5),('d56cdfa7-74e1-4e4b-82e9-e2aae76575f2','c9d805e6-fd15-4514-9ac9-45b1f668abc0',4,4,400000.00,'2025-11-26 08:05:06',5),('d66dc18d-a895-4ce0-8551-cf26b7b59b3e','38cb9e7d-ba18-48c1-b773-803ec04b8541',2,2,300000.00,'2025-11-26 00:31:48',5),('d6fd243f-8efb-4d2a-ad5d-b79d1d55e81a','38ee8916-0c6a-474d-a3df-7e6e8f97f53f',5,1,650000.00,'2025-11-26 08:18:26',5),('d77cba81-12aa-497e-bff6-e2b0ed5524ac','c944acf1-a687-4eaf-99c3-b2d4dd72cdd4',3,1,250000.00,'2025-11-26 01:45:56',5),('d82cdad6-a8a9-40db-b552-0d5d7d106bf6','5fa811a1-6a00-49f3-a5a6-3ad6e54ca4db',1,1,50000.00,'2025-11-26 08:39:40',5),('d8d79154-5e46-4f56-a682-72ad100444e7','ca5daf73-3cff-450c-a1ff-093c16f8ece9',4,4,400000.00,'2025-11-25 20:53:08',5),('dc08f13d-d494-4fe5-8047-1e428d3abe1a','7d0c87a0-07ed-4bf1-afcc-7877f80547e3',2,1,150000.00,'2025-11-26 10:08:51',5),('dc0d2590-e442-40b7-8b94-6d601ab2c657','4cbf27c2-fd3b-41d4-ab33-7093035908ce',5,1,650000.00,'2025-11-25 20:47:40',5),('ddd33192-9162-4eda-9521-4823390edc7c','a7354d83-859d-45f3-877e-2632bb0f639c',3,1,250000.00,'2025-11-26 00:28:09',5),('df96a68a-4645-4445-a4bb-dc3aa5f86104','6a7145d8-d3b0-41f1-960e-7ce47c72a9fa',3,1,250000.00,'2025-11-26 10:01:51',5),('dfdf3bd9-fb06-4cd1-a6c7-02f0a523008d','a7354d83-859d-45f3-877e-2632bb0f639c',1,2,100000.00,'2025-11-26 00:23:08',5),('e1f0d0b1-45f1-40df-b313-193f3a085fe3','b958f71b-2df7-4ffc-91a7-58579ed3fdf0',5,2,1300000.00,'2025-11-26 08:27:46',5),('e24775d4-1d6a-49c6-a064-fa8fecdc497b','c667220a-f6f6-4805-99c4-2a2ace7e1679',1,4,200000.00,'2025-11-26 10:04:43',5),('e2d2e79e-f220-4d2f-8a1f-c92cf143bacb','0aeba89f-0851-4599-8687-bc2f8e0774fd',5,2,1300000.00,'2025-11-26 08:22:15',5),('e69824ff-8dc9-4bc8-b1f1-52e6f11bab73','6bb7d974-497c-41f4-a264-ffefe1f83198',6,1,500000.00,'2025-11-25 23:46:17',5),('e7bc3263-5525-438e-891a-84d996b4990f','ca745688-1a60-434a-b7cd-16f14cd71136',4,5,500000.00,'2025-11-26 07:47:49',5),('eb10061c-f1a2-49fe-90b5-ac0259251668','4900517d-e2cf-405f-bafe-7729af4eb250',3,1,250000.00,'2025-11-26 08:33:59',5),('ecf860e2-b34e-4926-b6af-694a8c99e373','8f16429b-0b81-49b8-9335-daf0de1e6636',5,2,1300000.00,'2025-11-26 08:42:17',5),('ee9fb149-1b5d-4a00-af7c-f79ae6a532c5','91bc19b9-9c40-4d87-ba37-a22355814394',5,1,650000.00,'2025-11-26 01:50:04',5),('f0b5e768-388e-47d6-afc3-2ab4de26eaa7','802db0fd-30e2-4746-9129-b345818f08e4',5,4,2600000.00,'2025-11-26 07:58:32',5),('f21c7bc1-7053-4261-862a-54eeea755bfd','f7e99f47-0568-4101-9855-0946284e334b',4,1,100000.00,'2025-11-26 00:35:17',5),('f35b4668-adb2-4057-be42-703fdacd90b7','ed6f9dde-c83d-4a1b-bc5d-aeff6f8207cc',3,1,250000.00,'2025-11-26 07:41:39',5),('f50cb608-7593-4ff6-864e-a8100bfea3f2','6bb7d974-497c-41f4-a264-ffefe1f83198',4,4,400000.00,'2025-11-25 23:46:07',5),('f7c5378d-0f03-4b0b-9d87-2cea550000fe','53ad61c0-223f-4c66-85d3-b4ea82cffc06',2,1,150000.00,'2025-11-26 08:31:35',5),('f7e4f90c-5f1a-4642-b795-4814e8a0123e','e0a72074-16f3-48a7-a2ff-300ef965f47b',2,2,300000.00,'2025-11-26 08:32:25',5),('f7e89fb9-2104-44e5-b14a-a0f98db77e19','5a27824d-a20c-4c64-94f6-e83c7664817d',3,1,250000.00,'2025-11-26 08:11:59',5),('f85e3a44-2766-46b7-9bfa-2f52d3d96bb6','572e9582-cf32-4bad-8384-6ba55fcdbe96',2,2,300000.00,'2025-11-25 20:39:57',5),('f97e6933-aea7-4672-ac40-f2ca23f3b44a','6c99d564-6a5c-4be3-aac6-40e20ca8d8eb',6,1,500000.00,'2025-11-25 21:41:03',5),('ffc9527a-1a8e-40d2-974c-212de35b639a','ddad7c3d-1436-4735-82b0-91414b9c7c08',2,1,150000.00,'2025-11-25 20:59:34',5);
/*!40000 ALTER TABLE `reservationservice` ENABLE KEYS */;
UNLOCK TABLES;

--
-- Table structure for table `reservationstatushistory`
--

DROP TABLE IF EXISTS `reservationstatushistory`;
/*!40101 SET @saved_cs_client     = @@character_set_client */;
/*!50503 SET character_set_client = utf8mb4 */;
CREATE TABLE `reservationstatushistory` (
  `id` bigint NOT NULL AUTO_INCREMENT,
  `reservationRoomId` varchar(36) NOT NULL,
  `historySeq` int NOT NULL,
  `oldStatus` varchar(50) NOT NULL,
  `newStatus` varchar(50) NOT NULL,
  `updatedAt` datetime NOT NULL,
  `updatedBy` int NOT NULL,
  `reason` varchar(255) DEFAULT NULL,
  PRIMARY KEY (`id`),
  UNIQUE KEY `UK_reshistory_room_seq` (`reservationRoomId`,`historySeq`),
  KEY `FK_reshistory_user` (`updatedBy`),
  CONSTRAINT `FK_reshistory_resroom` FOREIGN KEY (`reservationRoomId`) REFERENCES `reservationroom` (`id`) ON DELETE CASCADE,
  CONSTRAINT `FK_reshistory_user` FOREIGN KEY (`updatedBy`) REFERENCES `user` (`id`)
) ENGINE=InnoDB DEFAULT CHARSET=utf8mb4 COLLATE=utf8mb4_0900_ai_ci;
/*!40101 SET character_set_client = @saved_cs_client */;

--
-- Dumping data for table `reservationstatushistory`
--

LOCK TABLES `reservationstatushistory` WRITE;
/*!40000 ALTER TABLE `reservationstatushistory` DISABLE KEYS */;
INSERT INTO `reservationstatushistory` (`reservationRoomId`, `historySeq`, `oldStatus`, `newStatus`, `updatedAt`, `updatedBy`, `reason`) VALUES ('009ce893-3360-4825-8ce3-04ea3e4b4128',1,'PENDING_PAYMENT','PENDING_PAYMENT','2025-11-26 10:31:06',18,'initial create'),('00d39375-65dd-4496-9f3c-2757972633ac',1,'PENDING_PAYMENT','PENDING_PAYMENT','2025-11-26 10:31:29',1,'initial create'),('00d39375-65dd-4496-9f3c-2757972633ac',2,'PENDING_PAYMENT','CONFIRMED','2025-11-26 10:31:41',12,'GUEST CONFIRMED'),('01bf460b-e114-4990-bf52-30d27441b2a1',1,'PENDING_PAYMENT','PENDING_PAYMENT','2025-11-26 00:37:32',22,'initial create'),('01bf460b-e114-4990-bf52-30d27441b2a1',2,'PENDING_PAYMENT','CONFIRMED','2025-11-26 00:37:48',22,'GUEST CONFIRMED'),('01bf460b-e114-4990-bf52-30d27441b2a1',3,'CONFIRMED','CHECK_IN','2025-11-26 00:38:36',9,'automatically'),('01bf460b-e114-4990-bf52-30d27441b2a1',4,'CHECK_IN','CHECK_OUT','2025-11-26 00:48:29',9,'automatically'),('01cd7e2c-2dcc-434c-aa3b-24200b6840de',1,'PENDING_PAYMENT','PENDING_PAYMENT','2025-11-26 08:30:05',16,'initial create'),('01cd7e2c-2dcc-434c-aa3b-24200b6840de',2,'PENDING_PAYMENT','CONFIRMED','2025-11-26 08:30:19',16,'GUEST CONFIRMED'),('041e57ec-71be-43b9-98f0-887cf208695f',1,'PENDING_PAYMENT','PENDING_PAYMENT','2025-11-26 08:40:07',7,'initial create'),('078d47cd-1643-4384-a78e-85e3ba5bb4e1',1,'PENDING_PAYMENT','PENDING_PAYMENT','2025-11-26 08:03:43',18,'initial create'),('089d1387-90f6-4968-a3cf-9a59501599d1',1,'PENDING_PAYMENT','PENDING_PAYMENT','2025-11-26 01:44:36',9,'initial create'),('089d1387-90f6-4968-a3cf-9a59501599d1',2,'PENDING_PAYMENT','CONFIRMED','2025-11-26 01:44:53',9,'GUEST CONFIRMED'),('089d1387-90f6-4968-a3cf-9a59501599d1',3,'CONFIRMED','CHECK_IN','2025-11-26 01:45:32',9,'automatically'),('089d1387-90f6-4968-a3cf-9a59501599d1',4,'CHECK_IN','CHECK_OUT','2025-11-26 01:48:31',9,'automatically'),('089e6896-826f-4f3e-b25a-11161d5dc462',1,'PENDING_PAYMENT','PENDING_PAYMENT','2025-11-26 08:26:08',6,'initial create'),('089e6896-826f-4f3e-b25a-11161d5dc462',2,'PENDING_PAYMENT','CONFIRMED','2025-11-26 08:26:42',1,'GUEST CONFIRMED'),('09ed4e1e-4cdf-403d-8f33-2773a206be29',1,'PENDING_PAYMENT','PENDING_PAYMENT','2025-11-26 01:04:01',18,'initial create'),('09ed4e1e-4cdf-403d-8f33-2773a206be29',2,'PENDING_PAYMENT','CONFIRMED','2025-11-26 01:04:19',18,'GUEST CONFIRMED'),('09ed4e1e-4cdf-403d-8f33-2773a206be29',3,'CONFIRMED','CHECK_IN','2025-11-26 01:05:04',9,'automatically'),('09ed4e1e-4cdf-403d-8f33-2773a206be29',4,'CHECK_IN','CHECK_OUT','2025-11-26 01:08:31',9,'automatically'),('0ab721d0-d005-42af-88ef-161768eb7294',1,'PENDING_PAYMENT','PENDING_PAYMENT','2025-11-26 10:38:31',13,'initial create'),('0ab721d0-d005-42af-88ef-161768eb7294',2,'PENDING_PAYMENT','CONFIRMED','2025-11-26 10:38:44',13,'GUEST CONFIRMED'),('0ab721d0-d005-42af-88ef-161768eb7294',3,'CONFIRMED','CHECK_IN','2025-11-26 10:39:14',9,'automatically'),('0abb33cb-4b1a-4d28-a7f7-e14a6072aa23',1,'PENDING_PAYMENT','PENDING_PAYMENT','2025-11-26 10:31:56',6,'initial create'),('0abb33cb-4b1a-4d28-a7f7-e14a6072aa23',2,'PENDING_PAYMENT','CONFIRMED','2025-11-26 10:32:08',12,'GUEST CONFIRMED'),('0abb33cb-4b1a-4d28-a7f7-e14a6072aa23',3,'CONFIRMED','CANCELLED','2025-11-26 10:34:14',12,'GUEST CANCELLED'),('0aeba89f-0851-4599-8687-bc2f8e0774fd',1,'PENDING_PAYMENT','PENDING_PAYMENT','2025-11-26 08:20:27',15,'initial create'),('0aeba89f-0851-4599-8687-bc2f8e0774fd',2,'PENDING_PAYMENT','CONFIRMED','2025-11-26 08:20:39',15,'GUEST CONFIRMED'),('0aeba89f-0851-4599-8687-bc2f8e0774fd',3,'CONFIRMED','CHECK_IN','2025-11-26 08:21:15',9,'automatically'),('0aeba89f-0851-4599-8687-bc2f8e0774fd',4,'CHECK_IN','CHECK_OUT','2025-11-26 08:23:38',9,'automatically'),('0d23f6d7-bd94-45e0-9f97-fc6476770c33',1,'PENDING_PAYMENT','PENDING_PAYMENT','2025-11-26 07:48:50',16,'initial create'),('0d23f6d7-bd94-45e0-9f97-fc6476770c33',2,'PENDING_PAYMENT','CONFIRMED','2025-11-26 07:49:02',16,'GUEST CONFIRMED'),('0d23f6d7-bd94-45e0-9f97-fc6476770c33',3,'CONFIRMED','CANCELLED','2025-11-26 07:49:08',16,'GUEST CANCELLED'),('0e96f349-2ebd-4659-a558-0d6dd651723f',1,'PENDING_PAYMENT','PENDING_PAYMENT','2025-11-26 00:59:20',7,'initial create'),('0e96f349-2ebd-4659-a558-0d6dd651723f',2,'PENDING_PAYMENT','CONFIRMED','2025-11-26 00:59:40',5,'GUEST CONFIRMED'),('0e96f349-2ebd-4659-a558-0d6dd651723f',3,'CONFIRMED','CHECK_IN','2025-11-26 01:00:22',9,'automatically'),('0e96f349-2ebd-4659-a558-0d6dd651723f',4,'CHECK_IN','CHECK_OUT','2025-11-26 01:08:31',9,'automatically'),('0f68fbfa-ec1b-478d-88cc-4d121e12ecea',1,'PENDING_PAYMENT','PENDING_PAYMENT','2025-11-26 07:42:44',18,'initial create'),('0f68fbfa-ec1b-478d-88cc-4d121e12ecea',2,'PENDING_PAYMENT','CONFIRMED','2025-11-26 07:43:01',18,'GUEST CONFIRMED'),('0f68fbfa-ec1b-478d-88cc-4d121e12ecea',3,'CONFIRMED','CANCELLED','2025-11-26 07:43:13',18,'GUEST CANCELLED'),('0fad46bb-69d1-471d-8adb-738b3494cf94',1,'PENDING_PAYMENT','PENDING_PAYMENT','2025-11-26 07:38:41',10,'initial create'),('0fad46bb-69d1-471d-8adb-738b3494cf94',2,'PENDING_PAYMENT','CONFIRMED','2025-11-26 07:38:58',10,'GUEST CONFIRMED'),('1045db8f-345b-498b-9492-290ecdfe1c25',1,'PENDING_PAYMENT','PENDING_PAYMENT','2025-11-26 08:37:03',3,'initial create'),('1045db8f-345b-498b-9492-290ecdfe1c25',2,'PENDING_PAYMENT','CONFIRMED','2025-11-26 08:37:28',3,'GUEST CONFIRMED'),('1045db8f-345b-498b-9492-290ecdfe1c25',3,'CONFIRMED','CHECK_IN','2025-11-26 08:38:14',9,'automatically'),('1045db8f-345b-498b-9492-290ecdfe1c25',4,'CHECK_IN','CHECK_OUT','2025-11-26 08:43:40',9,'automatically'),('105ea1c8-f0de-4453-a4c5-e914ac85ad2d',1,'PENDING_PAYMENT','PENDING_PAYMENT','2025-11-25 20:40:56',3,'initial create'),('105ea1c8-f0de-4453-a4c5-e914ac85ad2d',2,'PENDING_PAYMENT','CONFIRMED','2025-11-25 20:41:25',5,''),('105ea1c8-f0de-4453-a4c5-e914ac85ad2d',3,'CONFIRMED','CHECK_IN','2025-11-25 20:43:27',9,'automatically'),('1134594e-331a-487b-88bd-66511cd2722e',1,'PENDING_PAYMENT','PENDING_PAYMENT','2025-11-25 23:41:36',22,'initial create'),('1134594e-331a-487b-88bd-66511cd2722e',2,'PENDING_PAYMENT','CONFIRMED','2025-11-25 23:41:52',5,'GUEST CONFIRMED'),('1228fc47-e8cb-47e1-b34c-a62aa5d58e07',1,'PENDING_PAYMENT','PENDING_PAYMENT','2025-11-25 22:09:09',19,'initial create'),('1228fc47-e8cb-47e1-b34c-a62aa5d58e07',2,'PENDING_PAYMENT','CONFIRMED','2025-11-25 22:09:54',5,'GUEST CONFIRMED'),('12c22240-cc11-48b1-bed6-3bc66b411a45',1,'PENDING_PAYMENT','PENDING_PAYMENT','2025-11-25 23:33:46',9,'initial create'),('13917c5f-0e4e-4d32-9f4f-c548ce32c735',1,'PENDING_PAYMENT','PENDING_PAYMENT','2025-11-25 23:02:57',13,'initial create'),('13917c5f-0e4e-4d32-9f4f-c548ce32c735',2,'PENDING_PAYMENT','CONFIRMED','2025-11-25 23:03:13',5,'GUEST CONFIRMED'),('13917c5f-0e4e-4d32-9f4f-c548ce32c735',3,'CONFIRMED','CHECK_IN','2025-11-25 23:03:48',9,'automatically'),('13917c5f-0e4e-4d32-9f4f-c548ce32c735',4,'CHECK_IN','CHECK_OUT','2025-11-25 23:08:25',9,'automatically'),('13f5775a-8f8a-453a-8729-274ee39a8585',1,'PENDING_PAYMENT','PENDING_PAYMENT','2025-11-26 01:10:01',11,'initial create'),('13f5775a-8f8a-453a-8729-274ee39a8585',2,'PENDING_PAYMENT','CONFIRMED','2025-11-26 01:10:22',10,'GUEST CONFIRMED'),('13f5775a-8f8a-453a-8729-274ee39a8585',3,'CONFIRMED','CANCELLED','2025-11-26 01:10:28',10,'GUEST CANCELLED'),('14742af3-e9d0-4ee6-a8d9-52783f9b95a5',1,'PENDING_PAYMENT','PENDING_PAYMENT','2025-11-25 21:44:22',15,'initial create'),('14742af3-e9d0-4ee6-a8d9-52783f9b95a5',2,'PENDING_PAYMENT','CONFIRMED','2025-11-25 21:44:43',5,'GUEST CONFIRMED'),('14742af3-e9d0-4ee6-a8d9-52783f9b95a5',3,'CONFIRMED','CHECK_IN','2025-11-25 21:45:33',9,'automatically'),('14742af3-e9d0-4ee6-a8d9-52783f9b95a5',4,'CHECK_IN','CHECK_OUT','2025-11-25 21:46:41',9,'automatically'),('147aa129-90cb-4244-ac04-2952b3312a7f',1,'PENDING_PAYMENT','PENDING_PAYMENT','2025-11-26 01:01:50',9,'initial create'),('147aa129-90cb-4244-ac04-2952b3312a7f',2,'PENDING_PAYMENT','CONFIRMED','2025-11-26 01:02:18',9,'GUEST CONFIRMED'),('17980a12-2a55-4557-b5e6-699039bd5f08',1,'PENDING_PAYMENT','PENDING_PAYMENT','2025-11-26 08:01:29',15,'initial create'),('17980a12-2a55-4557-b5e6-699039bd5f08',2,'PENDING_PAYMENT','CONFIRMED','2025-11-26 08:01:49',15,'GUEST CONFIRMED'),('17980a12-2a55-4557-b5e6-699039bd5f08',3,'CONFIRMED','CHECK_IN','2025-11-26 08:02:33',9,'automatically'),('17980a12-2a55-4557-b5e6-699039bd5f08',4,'CHECK_IN','CHECK_OUT','2025-11-26 08:03:36',9,'automatically'),('17ceb988-4129-4fce-bb3f-7ce7d850b646',1,'PENDING_PAYMENT','PENDING_PAYMENT','2025-11-25 21:06:52',13,'initial create'),('17ceb988-4129-4fce-bb3f-7ce7d850b646',2,'PENDING_PAYMENT','CONFIRMED','2025-11-25 21:07:07',5,''),('17ceb988-4129-4fce-bb3f-7ce7d850b646',3,'CONFIRMED','CHECK_IN','2025-11-25 21:09:24',9,'automatically'),('17ceb988-4129-4fce-bb3f-7ce7d850b646',4,'CHECK_IN','CHECK_OUT','2025-11-25 21:16:39',9,'automatically'),('188f113e-14ba-46ac-b892-0680cc520dd3',1,'PENDING_PAYMENT','PENDING_PAYMENT','2025-11-26 07:45:12',6,'initial create'),('188f113e-14ba-46ac-b892-0680cc520dd3',2,'PENDING_PAYMENT','CONFIRMED','2025-11-26 07:45:25',6,'GUEST CONFIRMED'),('188f113e-14ba-46ac-b892-0680cc520dd3',3,'CONFIRMED','CHECK_IN','2025-11-26 07:45:53',9,'automatically'),('188f113e-14ba-46ac-b892-0680cc520dd3',4,'CHECK_IN','CHECK_OUT','2025-11-26 07:53:35',9,'automatically'),('18ca8be5-ec96-4ae0-94db-7d8e96261d76',1,'PENDING_PAYMENT','PENDING_PAYMENT','2025-11-26 01:58:07',13,'initial create'),('18ca8be5-ec96-4ae0-94db-7d8e96261d76',2,'PENDING_PAYMENT','CONFIRMED','2025-11-26 01:58:19',11,'GUEST CONFIRMED'),('18ca8be5-ec96-4ae0-94db-7d8e96261d76',3,'CONFIRMED','CHECK_IN','2025-11-26 01:58:53',9,'automatically'),('190c01b6-6aa4-4bb8-a1ca-8d8b81862d37',1,'PENDING_PAYMENT','PENDING_PAYMENT','2025-11-26 10:30:15',15,'initial create'),('190c01b6-6aa4-4bb8-a1ca-8d8b81862d37',2,'PENDING_PAYMENT','CONFIRMED','2025-11-26 10:30:27',12,'GUEST CONFIRMED'),('190c01b6-6aa4-4bb8-a1ca-8d8b81862d37',3,'CONFIRMED','CANCELLED','2025-11-26 10:30:36',12,'GUEST CANCELLED'),('1a13d653-50a0-4ef2-a3e3-06007059415d',1,'PENDING_PAYMENT','PENDING_PAYMENT','2025-11-26 01:03:14',15,'initial create'),('1a13d653-50a0-4ef2-a3e3-06007059415d',2,'PENDING_PAYMENT','CONFIRMED','2025-11-26 01:03:31',15,'GUEST CONFIRMED'),('1a13d653-50a0-4ef2-a3e3-06007059415d',3,'CONFIRMED','CANCELLED','2025-11-26 01:03:43',15,'GUEST CANCELLED'),('1b892eae-4e9b-4d78-acd2-2797917c8525',1,'PENDING_PAYMENT','PENDING_PAYMENT','2025-11-26 10:22:37',7,'initial create'),('1dcf8c3a-8d3c-41c0-8114-fb6965fb798d',1,'PENDING_PAYMENT','PENDING_PAYMENT','2025-11-26 10:23:00',10,'initial create'),('1dcf8c3a-8d3c-41c0-8114-fb6965fb798d',2,'PENDING_PAYMENT','CONFIRMED','2025-11-26 10:23:15',10,'GUEST CONFIRMED'),('1e932a66-c68b-465b-b341-97b3124707b4',1,'PENDING_PAYMENT','PENDING_PAYMENT','2025-11-25 23:30:05',4,'initial create'),('1e932a66-c68b-465b-b341-97b3124707b4',2,'PENDING_PAYMENT','CONFIRMED','2025-11-25 23:30:22',5,'GUEST CONFIRMED'),('1e932a66-c68b-465b-b341-97b3124707b4',3,'CONFIRMED','CHECK_IN','2025-11-25 23:32:16',9,'automatically'),('1e932a66-c68b-465b-b341-97b3124707b4',4,'CHECK_IN','CHECK_OUT','2025-11-25 23:38:26',9,'automatically'),('1ea56b83-7197-450d-b8b7-687c44d2e851',1,'PENDING_PAYMENT','PENDING_PAYMENT','2025-11-26 07:58:51',10,'initial create'),('1ea56b83-7197-450d-b8b7-687c44d2e851',2,'PENDING_PAYMENT','CONFIRMED','2025-11-26 07:59:11',10,'GUEST CONFIRMED'),('20ac22ac-f51b-463b-857d-209695742c86',1,'PENDING_PAYMENT','PENDING_PAYMENT','2025-11-26 07:40:40',15,'initial create'),('20ac22ac-f51b-463b-857d-209695742c86',2,'PENDING_PAYMENT','CONFIRMED','2025-11-26 07:40:56',15,'GUEST CONFIRMED'),('20ac22ac-f51b-463b-857d-209695742c86',3,'CONFIRMED','CHECK_IN','2025-11-26 07:42:05',9,'automatically'),('20ac22ac-f51b-463b-857d-209695742c86',4,'CHECK_IN','CHECK_OUT','2025-11-26 07:43:35',9,'automatically'),('21f1f07f-228a-4d63-b254-32bea008f057',1,'PENDING_PAYMENT','PENDING_PAYMENT','2025-11-26 08:37:03',3,'initial create'),('21f1f07f-228a-4d63-b254-32bea008f057',2,'PENDING_PAYMENT','CONFIRMED','2025-11-26 08:37:28',3,'GUEST CONFIRMED'),('21f1f07f-228a-4d63-b254-32bea008f057',3,'CONFIRMED','CHECK_IN','2025-11-26 08:38:32',9,'automatically'),('21f1f07f-228a-4d63-b254-32bea008f057',4,'CHECK_IN','CHECK_OUT','2025-11-26 08:43:40',9,'automatically'),('2252ea9e-7333-4701-a23b-bcca5ac9f04c',1,'PENDING_PAYMENT','PENDING_PAYMENT','2025-11-26 10:06:14',1,'initial create'),('2252ea9e-7333-4701-a23b-bcca5ac9f04c',2,'PENDING_PAYMENT','CONFIRMED','2025-11-26 10:06:57',1,'GUEST CONFIRMED'),('2252ea9e-7333-4701-a23b-bcca5ac9f04c',3,'CONFIRMED','CANCELLED','2025-11-26 10:07:04',1,'GUEST CANCELLED'),('2332eb2a-857e-4ab2-a4ee-279b25591764',1,'PENDING_PAYMENT','PENDING_PAYMENT','2025-11-26 08:18:51',10,'initial create'),('2332eb2a-857e-4ab2-a4ee-279b25591764',2,'PENDING_PAYMENT','CONFIRMED','2025-11-26 08:19:06',10,'GUEST CONFIRMED'),('23a4936c-046b-4fbc-8663-50763bd95242',1,'PENDING_PAYMENT','PENDING_PAYMENT','2025-11-26 00:32:23',1,'initial create'),('23a4936c-046b-4fbc-8663-50763bd95242',2,'PENDING_PAYMENT','CONFIRMED','2025-11-26 00:32:40',1,'GUEST CONFIRMED'),('23a4936c-046b-4fbc-8663-50763bd95242',3,'CONFIRMED','CHECK_IN','2025-11-26 00:33:16',9,'automatically'),('23a4936c-046b-4fbc-8663-50763bd95242',4,'CHECK_IN','CHECK_OUT','2025-11-26 00:38:29',9,'automatically'),('2893249f-139b-43b4-a294-989cd0a97198',1,'PENDING_PAYMENT','PENDING_PAYMENT','2025-11-26 10:37:07',2,'initial create'),('2893249f-139b-43b4-a294-989cd0a97198',2,'PENDING_PAYMENT','CONFIRMED','2025-11-26 10:37:22',2,'GUEST CONFIRMED'),('2a6d3b7b-ef35-40fd-b13a-3eabac52388b',1,'PENDING_PAYMENT','PENDING_PAYMENT','2025-11-25 21:47:39',5,'initial create'),('2a6d3b7b-ef35-40fd-b13a-3eabac52388b',2,'PENDING_PAYMENT','CONFIRMED','2025-11-25 21:47:51',5,'GUEST CONFIRMED'),('2c964eb1-d156-4f8e-ba60-a3a5b991cfde',1,'PENDING_PAYMENT','PENDING_PAYMENT','2025-11-26 07:38:41',10,'initial create'),('2c964eb1-d156-4f8e-ba60-a3a5b991cfde',2,'PENDING_PAYMENT','CONFIRMED','2025-11-26 07:38:58',10,'GUEST CONFIRMED'),('2da71f4e-4a71-4d5d-9e8a-8cff58cdec19',1,'PENDING_PAYMENT','PENDING_PAYMENT','2025-11-26 08:10:00',11,'initial create'),('2da71f4e-4a71-4d5d-9e8a-8cff58cdec19',2,'PENDING_PAYMENT','CONFIRMED','2025-11-26 08:10:15',11,'GUEST CONFIRMED'),('2faae1df-710d-4347-a7d7-d04627a08279',1,'PENDING_PAYMENT','PENDING_PAYMENT','2025-11-26 10:09:26',11,'initial create'),('2faae1df-710d-4347-a7d7-d04627a08279',2,'PENDING_PAYMENT','CONFIRMED','2025-11-26 10:10:03',11,'GUEST CONFIRMED'),('2faae1df-710d-4347-a7d7-d04627a08279',3,'CONFIRMED','CHECK_IN','2025-11-26 10:10:49',9,'automatically'),('324642c8-3c05-4602-8ca8-3e88e013f2de',1,'PENDING_PAYMENT','PENDING_PAYMENT','2025-11-26 00:25:44',2,'initial create'),('324642c8-3c05-4602-8ca8-3e88e013f2de',2,'PENDING_PAYMENT','CONFIRMED','2025-11-26 00:26:05',2,'GUEST CONFIRMED'),('33ce1534-7811-4d50-bb6f-d45bd565a606',1,'PENDING_PAYMENT','PENDING_PAYMENT','2025-11-26 07:46:12',8,'initial create'),('371fabdb-fe57-4079-a362-f9fe62381674',1,'PENDING_PAYMENT','PENDING_PAYMENT','2025-11-26 07:45:12',6,'initial create'),('371fabdb-fe57-4079-a362-f9fe62381674',2,'PENDING_PAYMENT','CONFIRMED','2025-11-26 07:45:25',6,'GUEST CONFIRMED'),('38776a6e-9e81-4176-9db8-f27ce60acec9',1,'PENDING_PAYMENT','PENDING_PAYMENT','2025-11-26 00:34:04',6,'initial create'),('38776a6e-9e81-4176-9db8-f27ce60acec9',2,'PENDING_PAYMENT','CONFIRMED','2025-11-26 00:34:20',6,'GUEST CONFIRMED'),('38776a6e-9e81-4176-9db8-f27ce60acec9',3,'CONFIRMED','CHECK_IN','2025-11-26 00:35:36',9,'automatically'),('38776a6e-9e81-4176-9db8-f27ce60acec9',4,'CHECK_IN','CHECK_OUT','2025-11-26 00:38:29',9,'automatically'),('38bbc6a2-f218-4ec9-b3fc-9b7038bd6b0a',1,'PENDING_PAYMENT','PENDING_PAYMENT','2025-11-25 20:45:09',15,'initial create'),('38bbc6a2-f218-4ec9-b3fc-9b7038bd6b0a',2,'PENDING_PAYMENT','CONFIRMED','2025-11-25 20:45:29',5,''),('38bbc6a2-f218-4ec9-b3fc-9b7038bd6b0a',3,'CONFIRMED','CHECK_IN','2025-11-25 20:46:32',9,'automatically'),('38bbc6a2-f218-4ec9-b3fc-9b7038bd6b0a',4,'CHECK_IN','CHECK_OUT','2025-11-25 20:48:51',9,'automatically'),('38cb9e7d-ba18-48c1-b773-803ec04b8541',1,'PENDING_PAYMENT','PENDING_PAYMENT','2025-11-26 00:29:33',21,'initial create'),('38cb9e7d-ba18-48c1-b773-803ec04b8541',2,'PENDING_PAYMENT','CONFIRMED','2025-11-26 00:29:59',21,'GUEST CONFIRMED'),('38cb9e7d-ba18-48c1-b773-803ec04b8541',3,'CONFIRMED','CHECK_IN','2025-11-26 00:31:18',9,'automatically'),('38cb9e7d-ba18-48c1-b773-803ec04b8541',4,'CHECK_IN','CHECK_OUT','2025-11-26 00:38:29',9,'automatically'),('38ee8916-0c6a-474d-a3df-7e6e8f97f53f',1,'PENDING_PAYMENT','PENDING_PAYMENT','2025-11-26 08:17:03',7,'initial create'),('38ee8916-0c6a-474d-a3df-7e6e8f97f53f',2,'PENDING_PAYMENT','CONFIRMED','2025-11-26 08:17:19',7,'GUEST CONFIRMED'),('38ee8916-0c6a-474d-a3df-7e6e8f97f53f',3,'CONFIRMED','CHECK_IN','2025-11-26 08:18:05',9,'automatically'),('39dadd09-9224-45cd-a83a-251a0769707f',1,'PENDING_PAYMENT','PENDING_PAYMENT','2025-11-26 08:23:27',18,'initial create'),('39dadd09-9224-45cd-a83a-251a0769707f',2,'PENDING_PAYMENT','CONFIRMED','2025-11-26 08:23:41',18,'GUEST CONFIRMED'),('3a2585a1-c57b-4c73-acf2-837fec41f84b',1,'PENDING_PAYMENT','PENDING_PAYMENT','2025-11-26 08:20:27',15,'initial create'),('3a2585a1-c57b-4c73-acf2-837fec41f84b',2,'PENDING_PAYMENT','CONFIRMED','2025-11-26 08:20:39',15,'GUEST CONFIRMED'),('3a2585a1-c57b-4c73-acf2-837fec41f84b',3,'CONFIRMED','CHECK_IN','2025-11-26 08:22:56',9,'automatically'),('3a2585a1-c57b-4c73-acf2-837fec41f84b',4,'CHECK_IN','CHECK_OUT','2025-11-26 08:23:38',9,'automatically'),('3baa2029-b0ba-421a-9e35-db3b7b98480f',1,'PENDING_PAYMENT','PENDING_PAYMENT','2025-11-26 10:31:06',18,'initial create'),('3c75b236-166a-4ea5-8ac5-7b624dbac69e',1,'PENDING_PAYMENT','PENDING_PAYMENT','2025-11-25 21:06:52',13,'initial create'),('3c75b236-166a-4ea5-8ac5-7b624dbac69e',2,'PENDING_PAYMENT','CONFIRMED','2025-11-25 21:07:07',5,''),('3c75b236-166a-4ea5-8ac5-7b624dbac69e',3,'CONFIRMED','CHECK_IN','2025-11-25 21:07:54',9,'automatically'),('3e66ec49-eb59-4fed-8bb8-959098c226b6',1,'PENDING_PAYMENT','PENDING_PAYMENT','2025-11-26 10:06:14',1,'initial create'),('3e66ec49-eb59-4fed-8bb8-959098c226b6',2,'PENDING_PAYMENT','CONFIRMED','2025-11-26 10:06:57',1,'GUEST CONFIRMED'),('3e66ec49-eb59-4fed-8bb8-959098c226b6',3,'CONFIRMED','CANCELLED','2025-11-26 10:07:05',1,'GUEST CANCELLED'),('3fa5e7da-7cf9-465f-b499-b0c456fea6e1',1,'PENDING_PAYMENT','PENDING_PAYMENT','2025-11-26 07:39:23',12,'initial create'),('3fa5e7da-7cf9-465f-b499-b0c456fea6e1',2,'PENDING_PAYMENT','CONFIRMED','2025-11-26 07:39:43',12,'GUEST CONFIRMED'),('3fa5e7da-7cf9-465f-b499-b0c456fea6e1',3,'CONFIRMED','CHECK_IN','2025-11-26 07:40:19',9,'automatically'),('3fa5e7da-7cf9-465f-b499-b0c456fea6e1',4,'CHECK_IN','CHECK_OUT','2025-11-26 07:43:35',9,'automatically'),('43ae2173-191d-4626-a070-4eea9abfd3b4',1,'PENDING_PAYMENT','PENDING_PAYMENT','2025-11-26 10:36:01',22,'initial create'),('43ae2173-191d-4626-a070-4eea9abfd3b4',2,'PENDING_PAYMENT','CONFIRMED','2025-11-26 10:36:23',22,'GUEST CONFIRMED'),('43cd3baf-12ef-416c-a729-938def709501',1,'PENDING_PAYMENT','PENDING_PAYMENT','2025-11-26 00:52:41',2,'initial create'),('45038723-b63c-4735-8d73-0800359b713f',1,'PENDING_PAYMENT','PENDING_PAYMENT','2025-11-26 10:05:14',1,'initial create'),('45038723-b63c-4735-8d73-0800359b713f',2,'PENDING_PAYMENT','CONFIRMED','2025-11-26 10:05:25',1,'GUEST CONFIRMED'),('45038723-b63c-4735-8d73-0800359b713f',3,'CONFIRMED','CHECK_IN','2025-11-26 10:05:54',9,'automatically'),('451d3e8a-a79f-421d-9e1b-61cb718f779f',1,'PENDING_PAYMENT','PENDING_PAYMENT','2025-11-25 21:42:02',12,'initial create'),('451d3e8a-a79f-421d-9e1b-61cb718f779f',2,'PENDING_PAYMENT','CONFIRMED','2025-11-25 21:42:20',5,'GUEST CONFIRMED'),('45d4d34a-e875-43e0-9607-df5ed7d261aa',1,'PENDING_PAYMENT','PENDING_PAYMENT','2025-11-26 08:41:01',10,'initial create'),('45d4d34a-e875-43e0-9607-df5ed7d261aa',2,'PENDING_PAYMENT','CONFIRMED','2025-11-26 08:41:14',10,'GUEST CONFIRMED'),('45d4d34a-e875-43e0-9607-df5ed7d261aa',3,'CONFIRMED','CHECK_IN','2025-11-26 08:44:31',9,'automatically'),('45d4d34a-e875-43e0-9607-df5ed7d261aa',4,'CHECK_IN','CHECK_OUT','2025-11-26 08:53:41',9,'automatically'),('45d5c29f-9aba-4f48-9483-c65a6cdeda9b',1,'PENDING_PAYMENT','PENDING_PAYMENT','2025-11-26 08:23:27',18,'initial create'),('45d5c29f-9aba-4f48-9483-c65a6cdeda9b',2,'PENDING_PAYMENT','CONFIRMED','2025-11-26 08:23:41',18,'GUEST CONFIRMED'),('46270d4c-501b-47d9-9a6c-24ac52fc3791',1,'PENDING_PAYMENT','PENDING_PAYMENT','2025-11-26 08:26:08',6,'initial create'),('46270d4c-501b-47d9-9a6c-24ac52fc3791',2,'PENDING_PAYMENT','CONFIRMED','2025-11-26 08:26:42',1,'GUEST CONFIRMED'),('467766b4-e0f4-46a8-af60-5ba3a7350998',1,'PENDING_PAYMENT','PENDING_PAYMENT','2025-11-26 00:21:29',5,'initial create'),('467766b4-e0f4-46a8-af60-5ba3a7350998',2,'PENDING_PAYMENT','CONFIRMED','2025-11-26 00:22:00',5,'GUEST CONFIRMED'),('467766b4-e0f4-46a8-af60-5ba3a7350998',3,'CONFIRMED','CHECK_IN','2025-11-26 00:23:39',9,'automatically'),('467766b4-e0f4-46a8-af60-5ba3a7350998',4,'CHECK_IN','CHECK_OUT','2025-11-26 00:28:29',9,'automatically'),('472d67e2-51db-4c45-9e3a-9ce3a9ccdbb4',1,'PENDING_PAYMENT','PENDING_PAYMENT','2025-11-26 01:10:51',22,'initial create'),('472d67e2-51db-4c45-9e3a-9ce3a9ccdbb4',2,'PENDING_PAYMENT','CONFIRMED','2025-11-26 01:11:07',22,'GUEST CONFIRMED'),('472d67e2-51db-4c45-9e3a-9ce3a9ccdbb4',3,'CONFIRMED','CHECK_IN','2025-11-26 01:11:44',9,'automatically'),('472d67e2-51db-4c45-9e3a-9ce3a9ccdbb4',4,'CHECK_IN','CHECK_OUT','2025-11-26 01:18:31',9,'automatically'),('47c4237c-71b2-4cf4-a063-7b1d82f36382',1,'PENDING_PAYMENT','PENDING_PAYMENT','2025-11-26 01:50:32',18,'initial create'),('47c4237c-71b2-4cf4-a063-7b1d82f36382',2,'PENDING_PAYMENT','CONFIRMED','2025-11-26 01:50:45',18,'GUEST CONFIRMED'),('4900517d-e2cf-405f-bafe-7729af4eb250',1,'PENDING_PAYMENT','PENDING_PAYMENT','2025-11-26 08:32:46',22,'initial create'),('4900517d-e2cf-405f-bafe-7729af4eb250',2,'PENDING_PAYMENT','CONFIRMED','2025-11-26 08:33:04',22,'GUEST CONFIRMED'),('4900517d-e2cf-405f-bafe-7729af4eb250',3,'CONFIRMED','CHECK_IN','2025-11-26 08:33:45',9,'automatically'),('4900517d-e2cf-405f-bafe-7729af4eb250',4,'CHECK_IN','CHECK_OUT','2025-11-26 08:43:40',9,'automatically'),('4a1db60a-9e09-469e-8fd0-8318387fef22',1,'PENDING_PAYMENT','PENDING_PAYMENT','2025-11-26 08:07:34',8,'initial create'),('4a1db60a-9e09-469e-8fd0-8318387fef22',2,'PENDING_PAYMENT','CONFIRMED','2025-11-26 08:07:46',8,'GUEST CONFIRMED'),('4a1db60a-9e09-469e-8fd0-8318387fef22',3,'CONFIRMED','CHECK_IN','2025-11-26 08:08:28',9,'automatically'),('4a1db60a-9e09-469e-8fd0-8318387fef22',4,'CHECK_IN','CHECK_OUT','2025-11-26 08:13:37',9,'automatically'),('4b2da93d-3cc0-4838-8caf-b9785f3eea64',1,'PENDING_PAYMENT','PENDING_PAYMENT','2025-11-26 08:01:29',15,'initial create'),('4b2da93d-3cc0-4838-8caf-b9785f3eea64',2,'PENDING_PAYMENT','CONFIRMED','2025-11-26 08:01:49',15,'GUEST CONFIRMED'),('4b2da93d-3cc0-4838-8caf-b9785f3eea64',3,'CONFIRMED','CHECK_IN','2025-11-26 08:03:12',9,'automatically'),('4b2da93d-3cc0-4838-8caf-b9785f3eea64',4,'CHECK_IN','CHECK_OUT','2025-11-26 08:03:36',9,'automatically'),('4b8acd38-010e-4b94-b532-c9d9711558ed',1,'PENDING_PAYMENT','PENDING_PAYMENT','2025-11-26 00:21:29',5,'initial create'),('4b8acd38-010e-4b94-b532-c9d9711558ed',2,'PENDING_PAYMENT','CONFIRMED','2025-11-26 00:22:00',5,'GUEST CONFIRMED'),('4cbf27c2-fd3b-41d4-ab33-7093035908ce',1,'PENDING_PAYMENT','PENDING_PAYMENT','2025-11-25 20:45:09',15,'initial create'),('4cbf27c2-fd3b-41d4-ab33-7093035908ce',2,'PENDING_PAYMENT','CONFIRMED','2025-11-25 20:45:29',5,''),('4cbf27c2-fd3b-41d4-ab33-7093035908ce',3,'CONFIRMED','CHECK_IN','2025-11-25 20:47:33',9,'automatically'),('4cbf27c2-fd3b-41d4-ab33-7093035908ce',4,'CHECK_IN','CHECK_OUT','2025-11-25 20:48:51',9,'automatically'),('4cf43b2d-feb2-461c-8464-8654a0133050',1,'PENDING_PAYMENT','PENDING_PAYMENT','2025-11-25 20:48:17',2,'initial create'),('4cf43b2d-feb2-461c-8464-8654a0133050',2,'PENDING_PAYMENT','CONFIRMED','2025-11-25 20:48:39',5,''),('4cf43b2d-feb2-461c-8464-8654a0133050',3,'CONFIRMED','CHECK_IN','2025-11-25 20:49:26',9,'automatically'),('4cf43b2d-feb2-461c-8464-8654a0133050',4,'CHECK_IN','CHECK_OUT','2025-11-25 20:56:39',9,'automatically'),('4d264f26-9132-4a87-b46c-fa610662fc8d',1,'PENDING_PAYMENT','PENDING_PAYMENT','2025-11-26 10:02:53',18,'initial create'),('4d264f26-9132-4a87-b46c-fa610662fc8d',2,'PENDING_PAYMENT','CONFIRMED','2025-11-26 10:03:05',15,'GUEST CONFIRMED'),('50444123-76fc-466e-add8-4bbce63a1fa9',1,'PENDING_PAYMENT','PENDING_PAYMENT','2025-11-26 07:46:12',8,'initial create'),('517ec93a-2c15-4a7b-8f8a-e2908bb08cf4',1,'PENDING_PAYMENT','PENDING_PAYMENT','2025-11-25 23:35:27',6,'initial create'),('517ec93a-2c15-4a7b-8f8a-e2908bb08cf4',2,'PENDING_PAYMENT','CONFIRMED','2025-11-25 23:35:50',5,'GUEST CONFIRMED'),('517ec93a-2c15-4a7b-8f8a-e2908bb08cf4',3,'CONFIRMED','CHECK_IN','2025-11-25 23:37:04',9,'automatically'),('517ec93a-2c15-4a7b-8f8a-e2908bb08cf4',4,'CHECK_IN','CHECK_OUT','2025-11-25 23:38:26',9,'automatically'),('51ef5b01-3b1a-4c99-b369-f61ebd4dc78a',1,'PENDING_PAYMENT','PENDING_PAYMENT','2025-11-25 21:38:34',3,'initial create'),('53168a3b-a7f2-402f-bfaa-af2dcbb0f45b',1,'PENDING_PAYMENT','PENDING_PAYMENT','2025-11-26 07:22:56',3,'initial create'),('53168a3b-a7f2-402f-bfaa-af2dcbb0f45b',2,'PENDING_PAYMENT','CONFIRMED','2025-11-26 07:23:43',3,'GUEST CONFIRMED'),('53ad61c0-223f-4c66-85d3-b4ea82cffc06',1,'PENDING_PAYMENT','PENDING_PAYMENT','2025-11-26 08:30:05',16,'initial create'),('53ad61c0-223f-4c66-85d3-b4ea82cffc06',2,'PENDING_PAYMENT','CONFIRMED','2025-11-26 08:30:19',16,'GUEST CONFIRMED'),('53ad61c0-223f-4c66-85d3-b4ea82cffc06',3,'CONFIRMED','CHECK_IN','2025-11-26 08:31:19',9,'automatically'),('53ad61c0-223f-4c66-85d3-b4ea82cffc06',4,'CHECK_IN','CHECK_OUT','2025-11-26 08:33:39',9,'automatically'),('5576a929-bdf2-4a11-9c8a-08e9e1b69fb9',1,'PENDING_PAYMENT','PENDING_PAYMENT','2025-11-26 10:37:07',2,'initial create'),('5576a929-bdf2-4a11-9c8a-08e9e1b69fb9',2,'PENDING_PAYMENT','CONFIRMED','2025-11-26 10:37:22',2,'GUEST CONFIRMED'),('566231cb-2bd3-44a8-ab3c-ab820dfb235e',1,'PENDING_PAYMENT','PENDING_PAYMENT','2025-11-25 23:34:05',14,'initial create'),('566231cb-2bd3-44a8-ab3c-ab820dfb235e',2,'PENDING_PAYMENT','CONFIRMED','2025-11-25 23:34:22',5,'GUEST CONFIRMED'),('566231cb-2bd3-44a8-ab3c-ab820dfb235e',3,'CONFIRMED','CANCELLED','2025-11-25 23:34:55',5,'GUEST CANCELLED'),('572e9582-cf32-4bad-8384-6ba55fcdbe96',1,'PENDING_PAYMENT','PENDING_PAYMENT','2025-11-25 20:37:21',3,'initial create'),('572e9582-cf32-4bad-8384-6ba55fcdbe96',2,'PENDING_PAYMENT','CONFIRMED','2025-11-25 20:37:55',5,''),('572e9582-cf32-4bad-8384-6ba55fcdbe96',3,'CONFIRMED','CHECK_IN','2025-11-25 20:39:18',9,'automatically'),('572e9582-cf32-4bad-8384-6ba55fcdbe96',4,'CHECK_IN','CHECK_OUT','2025-11-25 20:40:24',9,'automatically'),('579de289-8f1a-4121-8a6e-f2d6990937c7',1,'PENDING_PAYMENT','PENDING_PAYMENT','2025-11-26 07:54:33',3,'initial create'),('579de289-8f1a-4121-8a6e-f2d6990937c7',2,'PENDING_PAYMENT','CONFIRMED','2025-11-26 07:54:47',3,'GUEST CONFIRMED'),('579de289-8f1a-4121-8a6e-f2d6990937c7',3,'CONFIRMED','CHECK_IN','2025-11-26 07:55:19',9,'automatically'),('579de289-8f1a-4121-8a6e-f2d6990937c7',4,'CHECK_IN','CHECK_OUT','2025-11-26 08:03:36',9,'automatically'),('580bb6af-e076-4e33-8f87-7a8e53bc22dc',1,'PENDING_PAYMENT','PENDING_PAYMENT','2025-11-26 10:37:45',10,'initial create'),('588f5eb0-0313-4bac-830c-156cd24e9ce4',1,'PENDING_PAYMENT','PENDING_PAYMENT','2025-11-25 22:35:44',6,'initial create'),('588f5eb0-0313-4bac-830c-156cd24e9ce4',2,'PENDING_PAYMENT','CONFIRMED','2025-11-25 22:36:11',5,'GUEST CONFIRMED'),('588f5eb0-0313-4bac-830c-156cd24e9ce4',3,'CONFIRMED','CANCELLED','2025-11-25 22:36:20',5,'GUEST CANCELLED'),('59631394-b3ce-4bf7-b086-07b7ac653c8e',1,'PENDING_PAYMENT','PENDING_PAYMENT','2025-11-26 10:31:29',1,'initial create'),('59631394-b3ce-4bf7-b086-07b7ac653c8e',2,'PENDING_PAYMENT','CONFIRMED','2025-11-26 10:31:41',12,'GUEST CONFIRMED'),('59dafaa2-d4b8-42b0-9001-dfa0ff031732',1,'PENDING_PAYMENT','PENDING_PAYMENT','2025-11-26 00:52:41',2,'initial create'),('5a27824d-a20c-4c64-94f6-e83c7664817d',1,'PENDING_PAYMENT','PENDING_PAYMENT','2025-11-26 08:11:03',22,'initial create'),('5a27824d-a20c-4c64-94f6-e83c7664817d',2,'PENDING_PAYMENT','CONFIRMED','2025-11-26 08:11:17',22,'GUEST CONFIRMED'),('5a27824d-a20c-4c64-94f6-e83c7664817d',3,'CONFIRMED','CHECK_IN','2025-11-26 08:11:49',9,'automatically'),('5c735c1c-6d38-4b25-ac74-d59ae8542d4a',1,'PENDING_PAYMENT','PENDING_PAYMENT','2025-11-26 00:26:52',17,'initial create'),('5c735c1c-6d38-4b25-ac74-d59ae8542d4a',2,'PENDING_PAYMENT','CONFIRMED','2025-11-26 00:27:12',17,'GUEST CONFIRMED'),('5c735c1c-6d38-4b25-ac74-d59ae8542d4a',3,'CONFIRMED','CHECK_IN','2025-11-26 00:27:48',9,'automatically'),('5c735c1c-6d38-4b25-ac74-d59ae8542d4a',4,'CHECK_IN','CHECK_OUT','2025-11-26 00:28:29',9,'automatically'),('5f1a0321-67e7-44f6-8767-c08215d36abb',1,'PENDING_PAYMENT','PENDING_PAYMENT','2025-11-26 07:22:56',3,'initial create'),('5f1a0321-67e7-44f6-8767-c08215d36abb',2,'PENDING_PAYMENT','CONFIRMED','2025-11-26 07:23:43',3,'GUEST CONFIRMED'),('5fa811a1-6a00-49f3-a5a6-3ad6e54ca4db',1,'PENDING_PAYMENT','PENDING_PAYMENT','2025-11-26 08:37:03',3,'initial create'),('5fa811a1-6a00-49f3-a5a6-3ad6e54ca4db',2,'PENDING_PAYMENT','CONFIRMED','2025-11-26 08:37:28',3,'GUEST CONFIRMED'),('5fa811a1-6a00-49f3-a5a6-3ad6e54ca4db',3,'CONFIRMED','CHECK_IN','2025-11-26 08:39:04',9,'automatically'),('5fa811a1-6a00-49f3-a5a6-3ad6e54ca4db',4,'CHECK_IN','CHECK_OUT','2025-11-26 08:43:40',9,'automatically'),('6020aafd-f2af-413d-80a2-3f1c03312b1a',1,'PENDING_PAYMENT','PENDING_PAYMENT','2025-11-26 10:37:07',2,'initial create'),('6020aafd-f2af-413d-80a2-3f1c03312b1a',2,'PENDING_PAYMENT','CONFIRMED','2025-11-26 10:37:22',2,'GUEST CONFIRMED'),('60d4b75a-cf43-434b-a9ef-ff78f83ae2e3',1,'PENDING_PAYMENT','PENDING_PAYMENT','2025-11-26 07:48:50',16,'initial create'),('60d4b75a-cf43-434b-a9ef-ff78f83ae2e3',2,'PENDING_PAYMENT','CONFIRMED','2025-11-26 07:49:02',16,'GUEST CONFIRMED'),('60d4b75a-cf43-434b-a9ef-ff78f83ae2e3',3,'CONFIRMED','CANCELLED','2025-11-26 07:49:08',16,'GUEST CANCELLED'),('60f5e269-9aa9-4267-b244-5ec5335450a6',1,'PENDING_PAYMENT','PENDING_PAYMENT','2025-11-26 01:53:19',6,'initial create'),('60f5e269-9aa9-4267-b244-5ec5335450a6',2,'PENDING_PAYMENT','CONFIRMED','2025-11-26 01:53:31',1,'GUEST CONFIRMED'),('60f5e269-9aa9-4267-b244-5ec5335450a6',3,'CONFIRMED','CANCELLED','2025-11-26 01:53:43',1,'GUEST CANCELLED'),('6129405e-8bfe-4ab4-b3c2-11aedca91889',1,'PENDING_PAYMENT','PENDING_PAYMENT','2025-11-26 10:37:07',2,'initial create'),('6129405e-8bfe-4ab4-b3c2-11aedca91889',2,'PENDING_PAYMENT','CONFIRMED','2025-11-26 10:37:22',2,'GUEST CONFIRMED'),('61dc5a71-ada9-4d3e-9899-833aa2eea59c',1,'PENDING_PAYMENT','PENDING_PAYMENT','2025-11-26 10:12:06',16,'initial create'),('61dc5a71-ada9-4d3e-9899-833aa2eea59c',2,'PENDING_PAYMENT','CONFIRMED','2025-11-26 10:12:21',16,'GUEST CONFIRMED'),('61dc5a71-ada9-4d3e-9899-833aa2eea59c',3,'CONFIRMED','CHECK_IN','2025-11-26 10:13:35',9,'automatically'),('62a65993-6b32-4d24-9db1-d7e1e67d43b1',1,'PENDING_PAYMENT','PENDING_PAYMENT','2025-11-26 01:02:35',12,'initial create'),('62a65993-6b32-4d24-9db1-d7e1e67d43b1',2,'PENDING_PAYMENT','CONFIRMED','2025-11-26 01:02:57',12,'GUEST CONFIRMED'),('643f3742-f25a-4de3-8c8a-d2fc864b85d4',1,'PENDING_PAYMENT','PENDING_PAYMENT','2025-11-26 01:48:23',15,'initial create'),('643f3742-f25a-4de3-8c8a-d2fc864b85d4',2,'PENDING_PAYMENT','CONFIRMED','2025-11-26 01:48:41',15,'GUEST CONFIRMED'),('643f3742-f25a-4de3-8c8a-d2fc864b85d4',3,'CONFIRMED','CHECK_IN','2025-11-26 01:49:11',9,'automatically'),('64d83dd4-b265-4f30-84e8-344b0c0eb4bb',1,'PENDING_PAYMENT','PENDING_PAYMENT','2025-11-26 01:42:04',4,'initial create'),('64d83dd4-b265-4f30-84e8-344b0c0eb4bb',2,'PENDING_PAYMENT','CONFIRMED','2025-11-26 01:42:19',4,'GUEST CONFIRMED'),('64d83dd4-b265-4f30-84e8-344b0c0eb4bb',3,'CONFIRMED','CHECK_IN','2025-11-26 01:42:58',9,'automatically'),('64d83dd4-b265-4f30-84e8-344b0c0eb4bb',4,'CHECK_IN','CHECK_OUT','2025-11-26 01:48:32',9,'automatically'),('65066f34-4948-444e-b438-dc1989562c97',1,'PENDING_PAYMENT','PENDING_PAYMENT','2025-11-26 01:05:51',20,'initial create'),('65066f34-4948-444e-b438-dc1989562c97',2,'PENDING_PAYMENT','CONFIRMED','2025-11-26 01:06:09',20,'GUEST CONFIRMED'),('65066f34-4948-444e-b438-dc1989562c97',3,'CONFIRMED','CHECK_IN','2025-11-26 01:06:39',9,'automatically'),('65066f34-4948-444e-b438-dc1989562c97',4,'CHECK_IN','CHECK_OUT','2025-11-26 01:08:31',9,'automatically'),('6770dc5a-f67d-4071-9171-67c145a8ba8f',1,'PENDING_PAYMENT','PENDING_PAYMENT','2025-11-25 21:04:31',8,'initial create'),('6770dc5a-f67d-4071-9171-67c145a8ba8f',2,'PENDING_PAYMENT','CONFIRMED','2025-11-25 21:04:48',5,''),('6770dc5a-f67d-4071-9171-67c145a8ba8f',3,'CONFIRMED','CHECK_IN','2025-11-25 21:05:40',9,'automatically'),('6770dc5a-f67d-4071-9171-67c145a8ba8f',4,'CHECK_IN','CHECK_OUT','2025-11-25 21:06:39',9,'automatically'),('692e6a8c-ca75-4b06-87a6-b97856987235',1,'PENDING_PAYMENT','PENDING_PAYMENT','2025-11-25 22:59:50',8,'initial create'),('692e6a8c-ca75-4b06-87a6-b97856987235',2,'PENDING_PAYMENT','CONFIRMED','2025-11-25 23:00:08',5,'GUEST CONFIRMED'),('692e6a8c-ca75-4b06-87a6-b97856987235',3,'CONFIRMED','CHECK_IN','2025-11-25 23:02:04',9,'automatically'),('6a7145d8-d3b0-41f1-960e-7ce47c72a9fa',1,'PENDING_PAYMENT','PENDING_PAYMENT','2025-11-26 10:00:42',15,'initial create'),('6a7145d8-d3b0-41f1-960e-7ce47c72a9fa',2,'PENDING_PAYMENT','CONFIRMED','2025-11-26 10:00:55',15,'GUEST CONFIRMED'),('6a7145d8-d3b0-41f1-960e-7ce47c72a9fa',3,'CONFIRMED','CHECK_IN','2025-11-26 10:01:30',9,'automatically'),('6a7145d8-d3b0-41f1-960e-7ce47c72a9fa',4,'CHECK_IN','CHECK_OUT','2025-11-26 10:08:29',9,'automatically'),('6bb7d974-497c-41f4-a264-ffefe1f83198',1,'PENDING_PAYMENT','PENDING_PAYMENT','2025-11-25 23:43:13',7,'initial create'),('6bb7d974-497c-41f4-a264-ffefe1f83198',2,'PENDING_PAYMENT','CONFIRMED','2025-11-25 23:43:36',5,'GUEST CONFIRMED'),('6bb7d974-497c-41f4-a264-ffefe1f83198',3,'CONFIRMED','CHECK_IN','2025-11-25 23:44:38',9,'automatically'),('6bb7d974-497c-41f4-a264-ffefe1f83198',4,'CHECK_IN','CHECK_OUT','2025-11-25 23:48:26',9,'automatically'),('6c99d564-6a5c-4be3-aac6-40e20ca8d8eb',1,'PENDING_PAYMENT','PENDING_PAYMENT','2025-11-25 21:39:01',7,'initial create'),('6c99d564-6a5c-4be3-aac6-40e20ca8d8eb',2,'PENDING_PAYMENT','CONFIRMED','2025-11-25 21:39:25',5,'GUEST CONFIRMED'),('6c99d564-6a5c-4be3-aac6-40e20ca8d8eb',3,'CONFIRMED','CHECK_IN','2025-11-25 21:40:22',9,'automatically'),('6cbbdb8e-6d79-4dba-9455-08882f5e2f6d',1,'PENDING_PAYMENT','PENDING_PAYMENT','2025-11-26 10:12:06',16,'initial create'),('6cbbdb8e-6d79-4dba-9455-08882f5e2f6d',2,'PENDING_PAYMENT','CONFIRMED','2025-11-26 10:12:21',16,'GUEST CONFIRMED'),('6cbbdb8e-6d79-4dba-9455-08882f5e2f6d',3,'CONFIRMED','CHECK_IN','2025-11-26 10:12:50',9,'automatically'),('6d564518-865d-4919-9630-049f997f291b',1,'PENDING_PAYMENT','PENDING_PAYMENT','2025-11-26 08:10:00',11,'initial create'),('6d564518-865d-4919-9630-049f997f291b',2,'PENDING_PAYMENT','CONFIRMED','2025-11-26 08:10:15',11,'GUEST CONFIRMED'),('6e399d56-4d82-4229-95f7-04533595bc8d',1,'PENDING_PAYMENT','PENDING_PAYMENT','2025-11-25 21:41:33',10,'initial create'),('6e8cca9a-58d5-4868-ba8f-62ae0ac53ab8',1,'PENDING_PAYMENT','PENDING_PAYMENT','2025-11-25 21:44:22',15,'initial create'),('6e8cca9a-58d5-4868-ba8f-62ae0ac53ab8',2,'PENDING_PAYMENT','CONFIRMED','2025-11-25 21:44:43',5,'GUEST CONFIRMED'),('6e8cca9a-58d5-4868-ba8f-62ae0ac53ab8',3,'CONFIRMED','CHECK_IN','2025-11-25 21:46:55',9,'automatically'),('6f68698e-2a18-4971-b4df-b72198439214',1,'PENDING_PAYMENT','PENDING_PAYMENT','2025-11-26 10:17:05',13,'initial create'),('6f68698e-2a18-4971-b4df-b72198439214',2,'PENDING_PAYMENT','CONFIRMED','2025-11-26 10:17:23',13,'GUEST CONFIRMED'),('6f7cf5f7-b666-4eee-b263-bbb2ead21972',1,'PENDING_PAYMENT','PENDING_PAYMENT','2025-11-26 01:53:19',6,'initial create'),('6f7cf5f7-b666-4eee-b263-bbb2ead21972',2,'PENDING_PAYMENT','CONFIRMED','2025-11-26 01:53:31',1,'GUEST CONFIRMED'),('6f7cf5f7-b666-4eee-b263-bbb2ead21972',3,'CONFIRMED','CANCELLED','2025-11-26 01:53:43',1,'GUEST CANCELLED'),('6fdfbbfb-68f3-4c6c-8b42-63715915cff0',1,'PENDING_PAYMENT','PENDING_PAYMENT','2025-11-26 01:03:14',15,'initial create'),('6fdfbbfb-68f3-4c6c-8b42-63715915cff0',2,'PENDING_PAYMENT','CONFIRMED','2025-11-26 01:03:31',15,'GUEST CONFIRMED'),('6fdfbbfb-68f3-4c6c-8b42-63715915cff0',3,'CONFIRMED','CANCELLED','2025-11-26 01:03:43',15,'GUEST CANCELLED'),('71703ee1-1a89-41d8-9702-1e7cdeb077fd',1,'PENDING_PAYMENT','PENDING_PAYMENT','2025-11-25 23:08:51',11,'initial create'),('71703ee1-1a89-41d8-9702-1e7cdeb077fd',2,'PENDING_PAYMENT','CONFIRMED','2025-11-25 23:09:11',5,'GUEST CONFIRMED'),('729b4946-a3b7-4414-9ce5-aff09351eaa9',1,'PENDING_PAYMENT','PENDING_PAYMENT','2025-11-26 10:37:07',2,'initial create'),('729b4946-a3b7-4414-9ce5-aff09351eaa9',2,'PENDING_PAYMENT','CONFIRMED','2025-11-26 10:37:22',2,'GUEST CONFIRMED'),('73630469-daf8-4842-9dea-b73f3470e9e4',1,'PENDING_PAYMENT','PENDING_PAYMENT','2025-11-26 08:40:27',7,'initial create'),('73630469-daf8-4842-9dea-b73f3470e9e4',2,'PENDING_PAYMENT','CONFIRMED','2025-11-26 08:40:42',7,'GUEST CONFIRMED'),('740ba582-a0d4-4a82-8eb7-bb707febeecf',1,'PENDING_PAYMENT','PENDING_PAYMENT','2025-11-25 21:42:02',12,'initial create'),('740ba582-a0d4-4a82-8eb7-bb707febeecf',2,'PENDING_PAYMENT','CONFIRMED','2025-11-25 21:42:20',5,'GUEST CONFIRMED'),('740ba582-a0d4-4a82-8eb7-bb707febeecf',3,'CONFIRMED','CHECK_IN','2025-11-25 21:43:20',9,'automatically'),('740ba582-a0d4-4a82-8eb7-bb707febeecf',4,'CHECK_IN','CHECK_OUT','2025-11-25 21:46:41',9,'automatically'),('74b6b075-79aa-45ae-82ba-c7b592a4b557',1,'PENDING_PAYMENT','PENDING_PAYMENT','2025-11-26 10:36:01',22,'initial create'),('74b6b075-79aa-45ae-82ba-c7b592a4b557',2,'PENDING_PAYMENT','CONFIRMED','2025-11-26 10:36:23',22,'GUEST CONFIRMED'),('75156e60-16a2-459d-bb22-b8154fb9cd4d',1,'PENDING_PAYMENT','PENDING_PAYMENT','2025-11-26 10:38:31',13,'initial create'),('75156e60-16a2-459d-bb22-b8154fb9cd4d',2,'PENDING_PAYMENT','CONFIRMED','2025-11-26 10:38:44',13,'GUEST CONFIRMED'),('77b88815-3f97-46aa-b10f-ef44f871c23a',1,'PENDING_PAYMENT','PENDING_PAYMENT','2025-11-26 00:24:52',12,'initial create'),('77b88815-3f97-46aa-b10f-ef44f871c23a',2,'PENDING_PAYMENT','CONFIRMED','2025-11-26 00:25:10',12,'GUEST CONFIRMED'),('77b88815-3f97-46aa-b10f-ef44f871c23a',3,'CONFIRMED','CANCELLED','2025-11-26 00:25:15',12,'GUEST CANCELLED'),('78629666-2324-40c3-b749-b936b4c9fe1c',1,'PENDING_PAYMENT','PENDING_PAYMENT','2025-11-26 00:24:52',12,'initial create'),('78629666-2324-40c3-b749-b936b4c9fe1c',2,'PENDING_PAYMENT','CONFIRMED','2025-11-26 00:25:10',12,'GUEST CONFIRMED'),('78629666-2324-40c3-b749-b936b4c9fe1c',3,'CONFIRMED','CANCELLED','2025-11-26 00:25:15',12,'GUEST CANCELLED'),('790f65cf-0715-4b95-a65c-503a257feb41',1,'PENDING_PAYMENT','PENDING_PAYMENT','2025-11-26 10:37:07',2,'initial create'),('790f65cf-0715-4b95-a65c-503a257feb41',2,'PENDING_PAYMENT','CONFIRMED','2025-11-26 10:37:22',2,'GUEST CONFIRMED'),('7a014be0-60fc-4244-92db-a6551e987dd1',1,'PENDING_PAYMENT','PENDING_PAYMENT','2025-11-25 23:04:39',17,'initial create'),('7a014be0-60fc-4244-92db-a6551e987dd1',2,'PENDING_PAYMENT','CONFIRMED','2025-11-25 23:04:56',5,'GUEST CONFIRMED'),('7a014be0-60fc-4244-92db-a6551e987dd1',3,'CONFIRMED','CHECK_IN','2025-11-25 23:05:37',9,'automatically'),('7aca28ce-7d46-45ee-b5a9-1a1570b2f800',1,'PENDING_PAYMENT','PENDING_PAYMENT','2025-11-26 00:52:41',2,'initial create'),('7ad634b3-b228-4dc7-a65b-e146a112e54a',1,'PENDING_PAYMENT','PENDING_PAYMENT','2025-11-25 23:35:27',6,'initial create'),('7ad634b3-b228-4dc7-a65b-e146a112e54a',2,'PENDING_PAYMENT','CONFIRMED','2025-11-25 23:35:50',5,'GUEST CONFIRMED'),('7ad634b3-b228-4dc7-a65b-e146a112e54a',3,'CONFIRMED','CHECK_IN','2025-11-25 23:36:26',9,'automatically'),('7ad634b3-b228-4dc7-a65b-e146a112e54a',4,'CHECK_IN','CHECK_OUT','2025-11-25 23:38:26',9,'automatically'),('7c3276a2-780c-4dc4-a08a-3d6cea4a15cc',1,'PENDING_PAYMENT','PENDING_PAYMENT','2025-11-26 07:22:56',3,'initial create'),('7c3276a2-780c-4dc4-a08a-3d6cea4a15cc',2,'PENDING_PAYMENT','CONFIRMED','2025-11-26 07:23:43',3,'GUEST CONFIRMED'),('7d0c87a0-07ed-4bf1-afcc-7877f80547e3',1,'PENDING_PAYMENT','PENDING_PAYMENT','2025-11-26 10:07:23',8,'initial create'),('7d0c87a0-07ed-4bf1-afcc-7877f80547e3',2,'PENDING_PAYMENT','CONFIRMED','2025-11-26 10:07:36',8,'GUEST CONFIRMED'),('7d0c87a0-07ed-4bf1-afcc-7877f80547e3',3,'CONFIRMED','CHECK_IN','2025-11-26 10:08:38',9,'automatically'),('7d0c87a0-07ed-4bf1-afcc-7877f80547e3',4,'CHECK_IN','CHECK_OUT','2025-11-26 10:18:30',9,'automatically'),('7d43dcc6-115d-45ae-959b-0994d0d96c28',1,'PENDING_PAYMENT','PENDING_PAYMENT','2025-11-26 07:58:51',10,'initial create'),('7d43dcc6-115d-45ae-959b-0994d0d96c28',2,'PENDING_PAYMENT','CONFIRMED','2025-11-26 07:59:11',10,'GUEST CONFIRMED'),('7e7a2bcf-8290-47d6-b482-3eae0e341ea6',1,'PENDING_PAYMENT','PENDING_PAYMENT','2025-11-26 10:31:29',1,'initial create'),('7e7a2bcf-8290-47d6-b482-3eae0e341ea6',2,'PENDING_PAYMENT','CONFIRMED','2025-11-26 10:31:41',12,'GUEST CONFIRMED'),('7e94117b-5f93-4422-9397-d2f234788df6',1,'PENDING_PAYMENT','PENDING_PAYMENT','2025-11-26 01:07:20',3,'initial create'),('7e94117b-5f93-4422-9397-d2f234788df6',2,'PENDING_PAYMENT','CONFIRMED','2025-11-26 01:07:49',3,'GUEST CONFIRMED'),('7e94117b-5f93-4422-9397-d2f234788df6',3,'CONFIRMED','CHECK_IN','2025-11-26 01:08:36',9,'automatically'),('7fb7cce9-bcc1-466d-8ebe-09ced245ca51',1,'PENDING_PAYMENT','PENDING_PAYMENT','2025-11-26 10:34:45',7,'initial create'),('7fb7cce9-bcc1-466d-8ebe-09ced245ca51',2,'PENDING_PAYMENT','CONFIRMED','2025-11-26 10:34:59',12,'GUEST CONFIRMED'),('802db0fd-30e2-4746-9129-b345818f08e4',1,'PENDING_PAYMENT','PENDING_PAYMENT','2025-11-26 07:54:33',3,'initial create'),('802db0fd-30e2-4746-9129-b345818f08e4',2,'PENDING_PAYMENT','CONFIRMED','2025-11-26 07:54:47',3,'GUEST CONFIRMED'),('802db0fd-30e2-4746-9129-b345818f08e4',3,'CONFIRMED','CHECK_IN','2025-11-26 07:55:56',9,'automatically'),('804bdcf6-3d5e-4346-8506-808d45ac3707',1,'PENDING_PAYMENT','PENDING_PAYMENT','2025-11-25 22:35:44',6,'initial create'),('804bdcf6-3d5e-4346-8506-808d45ac3707',2,'PENDING_PAYMENT','CONFIRMED','2025-11-25 22:36:11',5,'GUEST CONFIRMED'),('804bdcf6-3d5e-4346-8506-808d45ac3707',3,'CONFIRMED','CANCELLED','2025-11-25 22:36:20',5,'GUEST CANCELLED'),('8416ee40-e29c-4565-9637-d7f85dfcfe89',1,'PENDING_PAYMENT','PENDING_PAYMENT','2025-11-26 00:36:32',11,'initial create'),('84b80464-e91a-4064-b693-03f6c5f04395',1,'PENDING_PAYMENT','PENDING_PAYMENT','2025-11-26 01:09:44',3,'initial create'),('85c3db0a-f77c-454e-9f27-bead67f90742',1,'PENDING_PAYMENT','PENDING_PAYMENT','2025-11-25 21:02:00',20,'initial create'),('85c3db0a-f77c-454e-9f27-bead67f90742',2,'PENDING_PAYMENT','CONFIRMED','2025-11-25 21:02:21',5,''),('86116284-c950-4e2a-86d5-9a0b11411bf7',1,'PENDING_PAYMENT','PENDING_PAYMENT','2025-11-26 00:59:20',7,'initial create'),('86116284-c950-4e2a-86d5-9a0b11411bf7',2,'PENDING_PAYMENT','CONFIRMED','2025-11-26 00:59:40',5,'GUEST CONFIRMED'),('86116284-c950-4e2a-86d5-9a0b11411bf7',3,'CONFIRMED','CHECK_IN','2025-11-26 01:01:05',9,'automatically'),('86116284-c950-4e2a-86d5-9a0b11411bf7',4,'CHECK_IN','CHECK_OUT','2025-11-26 01:08:31',9,'automatically'),('878cc672-1283-46b9-8a51-020a277c13c1',1,'PENDING_PAYMENT','PENDING_PAYMENT','2025-11-26 07:49:38',22,'initial create'),('878cc672-1283-46b9-8a51-020a277c13c1',2,'PENDING_PAYMENT','CONFIRMED','2025-11-26 07:49:55',22,'GUEST CONFIRMED'),('878cc672-1283-46b9-8a51-020a277c13c1',3,'CONFIRMED','CHECK_IN','2025-11-26 07:50:29',9,'automatically'),('87dd843a-ca64-41f6-8c54-61f1988d4433',1,'PENDING_PAYMENT','PENDING_PAYMENT','2025-11-25 23:39:17',2,'initial create'),('87dd843a-ca64-41f6-8c54-61f1988d4433',2,'PENDING_PAYMENT','CONFIRMED','2025-11-25 23:39:34',5,'GUEST CONFIRMED'),('88c715db-082e-41a7-a8bf-2116ad2d7a06',1,'PENDING_PAYMENT','PENDING_PAYMENT','2025-11-25 23:08:51',11,'initial create'),('88c715db-082e-41a7-a8bf-2116ad2d7a06',2,'PENDING_PAYMENT','CONFIRMED','2025-11-25 23:09:11',5,'GUEST CONFIRMED'),('88c715db-082e-41a7-a8bf-2116ad2d7a06',3,'CONFIRMED','CHECK_IN','2025-11-25 23:09:49',9,'automatically'),('892a4347-6ec7-4e44-b3eb-1084185930aa',1,'PENDING_PAYMENT','PENDING_PAYMENT','2025-11-26 00:36:32',11,'initial create'),('89a2f4b6-a897-45a3-923f-eb030b8f4442',1,'PENDING_PAYMENT','PENDING_PAYMENT','2025-11-25 23:48:13',16,'initial create'),('89a2f4b6-a897-45a3-923f-eb030b8f4442',2,'PENDING_PAYMENT','CONFIRMED','2025-11-25 23:48:42',16,'GUEST CONFIRMED'),('89a2f4b6-a897-45a3-923f-eb030b8f4442',3,'CONFIRMED','CHECK_IN','2025-11-25 23:49:22',9,'automatically'),('89a2f4b6-a897-45a3-923f-eb030b8f4442',4,'CHECK_IN','CHECK_OUT','2025-11-25 23:58:27',9,'automatically'),('8e6fcb86-2018-4614-8357-597bf2a224f7',1,'PENDING_PAYMENT','PENDING_PAYMENT','2025-11-26 10:37:07',2,'initial create'),('8e6fcb86-2018-4614-8357-597bf2a224f7',2,'PENDING_PAYMENT','CONFIRMED','2025-11-26 10:37:22',2,'GUEST CONFIRMED'),('8f16429b-0b81-49b8-9335-daf0de1e6636',1,'PENDING_PAYMENT','PENDING_PAYMENT','2025-11-26 08:41:01',10,'initial create'),('8f16429b-0b81-49b8-9335-daf0de1e6636',2,'PENDING_PAYMENT','CONFIRMED','2025-11-26 08:41:14',10,'GUEST CONFIRMED'),('8f16429b-0b81-49b8-9335-daf0de1e6636',3,'CONFIRMED','CHECK_IN','2025-11-26 08:41:51',9,'automatically'),('8f16429b-0b81-49b8-9335-daf0de1e6636',4,'CHECK_IN','CHECK_OUT','2025-11-26 08:43:40',9,'automatically'),('90853f62-1091-47c7-a176-de2642103045',1,'PENDING_PAYMENT','PENDING_PAYMENT','2025-11-26 08:37:03',3,'initial create'),('90853f62-1091-47c7-a176-de2642103045',2,'PENDING_PAYMENT','CONFIRMED','2025-11-26 08:37:28',3,'GUEST CONFIRMED'),('90ff7f5b-40f0-4f72-88c1-b938279827ae',1,'PENDING_PAYMENT','PENDING_PAYMENT','2025-11-26 10:30:15',15,'initial create'),('90ff7f5b-40f0-4f72-88c1-b938279827ae',2,'PENDING_PAYMENT','CONFIRMED','2025-11-26 10:30:27',12,'GUEST CONFIRMED'),('90ff7f5b-40f0-4f72-88c1-b938279827ae',3,'CONFIRMED','CANCELLED','2025-11-26 10:30:36',12,'GUEST CANCELLED'),('91b9ad5f-49da-41a8-9758-1f965d3f1f54',1,'PENDING_PAYMENT','PENDING_PAYMENT','2025-11-25 23:06:20',17,'initial create'),('91bc19b9-9c40-4d87-ba37-a22355814394',1,'PENDING_PAYMENT','PENDING_PAYMENT','2025-11-26 01:48:23',15,'initial create'),('91bc19b9-9c40-4d87-ba37-a22355814394',2,'PENDING_PAYMENT','CONFIRMED','2025-11-26 01:48:41',15,'GUEST CONFIRMED'),('91bc19b9-9c40-4d87-ba37-a22355814394',3,'CONFIRMED','CHECK_IN','2025-11-26 01:49:53',9,'automatically'),('91f62ac0-12b3-4d8e-a256-796132ccb370',1,'PENDING_PAYMENT','PENDING_PAYMENT','2025-11-25 20:28:46',5,'initial create'),('91f62ac0-12b3-4d8e-a256-796132ccb370',2,'PENDING_PAYMENT','CONFIRMED','2025-11-25 20:30:28',5,''),('96e140d8-d34a-4f6b-9b22-6c371f758fd3',1,'PENDING_PAYMENT','PENDING_PAYMENT','2025-11-26 00:29:33',21,'initial create'),('96e140d8-d34a-4f6b-9b22-6c371f758fd3',2,'PENDING_PAYMENT','CONFIRMED','2025-11-26 00:29:59',21,'GUEST CONFIRMED'),('97a11b2f-cc9a-457a-ad6f-42532febcd82',1,'PENDING_PAYMENT','PENDING_PAYMENT','2025-11-26 01:46:43',13,'initial create'),('988d0b6a-ddb3-4c8d-8622-f41b60a62920',1,'PENDING_PAYMENT','PENDING_PAYMENT','2025-11-26 07:56:53',7,'initial create'),('988d0b6a-ddb3-4c8d-8622-f41b60a62920',2,'PENDING_PAYMENT','CONFIRMED','2025-11-26 07:57:15',7,'GUEST CONFIRMED'),('988d0b6a-ddb3-4c8d-8622-f41b60a62920',3,'CONFIRMED','CHECK_IN','2025-11-26 07:58:00',9,'automatically'),('98e02961-91ca-4589-8468-8ae701ddcae5',1,'PENDING_PAYMENT','PENDING_PAYMENT','2025-11-26 10:37:07',2,'initial create'),('98e02961-91ca-4589-8468-8ae701ddcae5',2,'PENDING_PAYMENT','CONFIRMED','2025-11-26 10:37:22',2,'GUEST CONFIRMED'),('990e17ae-8bfe-415d-ab01-ee1d1138dbfd',1,'PENDING_PAYMENT','PENDING_PAYMENT','2025-11-26 10:17:05',13,'initial create'),('990e17ae-8bfe-415d-ab01-ee1d1138dbfd',2,'PENDING_PAYMENT','CONFIRMED','2025-11-26 10:17:23',13,'GUEST CONFIRMED'),('99a87c37-c65b-456d-89bc-c4462a3c81a0',1,'PENDING_PAYMENT','PENDING_PAYMENT','2025-11-26 08:29:14',11,'initial create'),('99a87c37-c65b-456d-89bc-c4462a3c81a0',2,'PENDING_PAYMENT','CONFIRMED','2025-11-26 08:29:29',11,'GUEST CONFIRMED'),('99a87c37-c65b-456d-89bc-c4462a3c81a0',3,'CONFIRMED','CANCELLED','2025-11-26 08:29:41',11,'GUEST CANCELLED'),('9a66f891-40ae-4478-a64e-a9749ff13fbb',1,'PENDING_PAYMENT','PENDING_PAYMENT','2025-11-26 01:50:32',18,'initial create'),('9a66f891-40ae-4478-a64e-a9749ff13fbb',2,'PENDING_PAYMENT','CONFIRMED','2025-11-26 01:50:45',18,'GUEST CONFIRMED'),('9d1158e5-58d8-4a72-abd8-7a4afd609c09',1,'PENDING_PAYMENT','PENDING_PAYMENT','2025-11-26 08:26:08',6,'initial create'),('9d1158e5-58d8-4a72-abd8-7a4afd609c09',2,'PENDING_PAYMENT','CONFIRMED','2025-11-26 08:26:42',1,'GUEST CONFIRMED'),('9f6f8dc5-7d31-4d52-8439-1d4f4e15b004',1,'PENDING_PAYMENT','PENDING_PAYMENT','2025-11-26 07:59:27',12,'initial create'),('9f6f8dc5-7d31-4d52-8439-1d4f4e15b004',2,'PENDING_PAYMENT','CONFIRMED','2025-11-26 07:59:46',12,'GUEST CONFIRMED'),('9f6f8dc5-7d31-4d52-8439-1d4f4e15b004',3,'CONFIRMED','CHECK_IN','2025-11-26 08:01:10',9,'automatically'),('9f6f8dc5-7d31-4d52-8439-1d4f4e15b004',4,'CHECK_IN','CHECK_OUT','2025-11-26 08:03:37',9,'automatically'),('a00b63bb-bd96-43f6-8d3c-ad01bb0381ee',1,'PENDING_PAYMENT','PENDING_PAYMENT','2025-11-26 01:51:33',1,'initial create'),('a00b63bb-bd96-43f6-8d3c-ad01bb0381ee',2,'PENDING_PAYMENT','CONFIRMED','2025-11-26 01:51:48',1,'GUEST CONFIRMED'),('a00b63bb-bd96-43f6-8d3c-ad01bb0381ee',3,'CONFIRMED','CHECK_IN','2025-11-26 01:52:32',9,'automatically'),('a00b63bb-bd96-43f6-8d3c-ad01bb0381ee',4,'CHECK_IN','CHECK_OUT','2025-11-26 01:58:32',9,'automatically'),('a0d4d36f-3617-4915-8581-86b30ce1d56a',1,'PENDING_PAYMENT','PENDING_PAYMENT','2025-11-26 10:17:50',11,'initial create'),('a12c0113-c9d8-4a0e-b479-740796c99daa',1,'PENDING_PAYMENT','PENDING_PAYMENT','2025-11-26 01:57:45',16,'initial create'),('a1bd51cc-0cb6-4907-a994-23fe880aa3a3',1,'PENDING_PAYMENT','PENDING_PAYMENT','2025-11-26 00:24:52',12,'initial create'),('a1bd51cc-0cb6-4907-a994-23fe880aa3a3',2,'PENDING_PAYMENT','CONFIRMED','2025-11-26 00:25:10',12,'GUEST CONFIRMED'),('a1bd51cc-0cb6-4907-a994-23fe880aa3a3',3,'CONFIRMED','CANCELLED','2025-11-26 00:25:15',12,'GUEST CANCELLED'),('a377e56d-9605-4d90-8d1a-ea6e5168e30e',1,'PENDING_PAYMENT','PENDING_PAYMENT','2025-11-26 10:24:35',12,'initial create'),('a377e56d-9605-4d90-8d1a-ea6e5168e30e',2,'PENDING_PAYMENT','CONFIRMED','2025-11-26 10:24:52',12,'GUEST CONFIRMED'),('a4cb115e-d960-4f3f-8ee1-0499d7b9dfb5',1,'PENDING_PAYMENT','PENDING_PAYMENT','2025-11-25 23:30:05',4,'initial create'),('a4cb115e-d960-4f3f-8ee1-0499d7b9dfb5',2,'PENDING_PAYMENT','CONFIRMED','2025-11-25 23:30:22',5,'GUEST CONFIRMED'),('a4cb115e-d960-4f3f-8ee1-0499d7b9dfb5',3,'CONFIRMED','CHECK_IN','2025-11-25 23:31:21',9,'automatically'),('a4cb115e-d960-4f3f-8ee1-0499d7b9dfb5',4,'CHECK_IN','CHECK_OUT','2025-11-25 23:38:26',9,'automatically'),('a59103fd-bcaf-4ef5-b34c-c4cf196c7f4c',1,'PENDING_PAYMENT','PENDING_PAYMENT','2025-11-26 01:10:01',11,'initial create'),('a59103fd-bcaf-4ef5-b34c-c4cf196c7f4c',2,'PENDING_PAYMENT','CONFIRMED','2025-11-26 01:10:22',10,'GUEST CONFIRMED'),('a59103fd-bcaf-4ef5-b34c-c4cf196c7f4c',3,'CONFIRMED','CANCELLED','2025-11-26 01:10:28',10,'GUEST CANCELLED'),('a7354d83-859d-45f3-877e-2632bb0f639c',1,'PENDING_PAYMENT','PENDING_PAYMENT','2025-11-26 00:21:29',5,'initial create'),('a7354d83-859d-45f3-877e-2632bb0f639c',2,'PENDING_PAYMENT','CONFIRMED','2025-11-26 00:22:00',5,'GUEST CONFIRMED'),('a7354d83-859d-45f3-877e-2632bb0f639c',3,'CONFIRMED','CHECK_IN','2025-11-26 00:22:42',9,'automatically'),('a7354d83-859d-45f3-877e-2632bb0f639c',4,'CHECK_IN','CHECK_OUT','2025-11-26 00:28:29',9,'automatically'),('a73fdb82-a024-4e0c-81fa-587930db712f',1,'PENDING_PAYMENT','PENDING_PAYMENT','2025-11-25 22:59:50',8,'initial create'),('a73fdb82-a024-4e0c-81fa-587930db712f',2,'PENDING_PAYMENT','CONFIRMED','2025-11-25 23:00:08',5,'GUEST CONFIRMED'),('a73fdb82-a024-4e0c-81fa-587930db712f',3,'CONFIRMED','CHECK_IN','2025-11-25 23:00:58',9,'automatically'),('a73fdb82-a024-4e0c-81fa-587930db712f',4,'CHECK_IN','CHECK_OUT','2025-11-25 23:08:25',9,'automatically'),('aca01d44-97b0-42b8-8c07-2fc4b20e5efa',1,'PENDING_PAYMENT','PENDING_PAYMENT','2025-11-25 21:48:44',19,'initial create'),('aca01d44-97b0-42b8-8c07-2fc4b20e5efa',2,'PENDING_PAYMENT','CONFIRMED','2025-11-25 21:49:01',5,'GUEST CONFIRMED'),('aca01d44-97b0-42b8-8c07-2fc4b20e5efa',3,'CONFIRMED','CANCELLED','2025-11-25 21:49:13',5,'GUEST CANCELLED'),('ad09e374-1db2-4fae-98f8-54dc770d6617',1,'PENDING_PAYMENT','PENDING_PAYMENT','2025-11-25 23:43:13',7,'initial create'),('ad09e374-1db2-4fae-98f8-54dc770d6617',2,'PENDING_PAYMENT','CONFIRMED','2025-11-25 23:43:36',5,'GUEST CONFIRMED'),('ad09e374-1db2-4fae-98f8-54dc770d6617',3,'CONFIRMED','CHECK_IN','2025-11-25 23:45:45',9,'automatically'),('ad316571-27cc-470a-8419-cb3bf60de5f1',1,'PENDING_PAYMENT','PENDING_PAYMENT','2025-11-26 07:54:33',3,'initial create'),('ad316571-27cc-470a-8419-cb3bf60de5f1',2,'PENDING_PAYMENT','CONFIRMED','2025-11-26 07:54:47',3,'GUEST CONFIRMED'),('ad6f6066-d66c-4e76-b92b-6c08c9193be9',1,'PENDING_PAYMENT','PENDING_PAYMENT','2025-11-26 00:35:57',6,'initial create'),('ad6f6066-d66c-4e76-b92b-6c08c9193be9',2,'PENDING_PAYMENT','CONFIRMED','2025-11-26 00:36:13',6,'GUEST CONFIRMED'),('ad78a13f-d7c3-4805-86b0-a01b21182b44',1,'PENDING_PAYMENT','PENDING_PAYMENT','2025-11-26 01:42:04',4,'initial create'),('ad78a13f-d7c3-4805-86b0-a01b21182b44',2,'PENDING_PAYMENT','CONFIRMED','2025-11-26 01:42:19',4,'GUEST CONFIRMED'),('ad78a13f-d7c3-4805-86b0-a01b21182b44',3,'CONFIRMED','CHECK_IN','2025-11-26 01:43:32',9,'automatically'),('ad80d6aa-fbf8-4de7-9bcd-1289a48c0c77',1,'PENDING_PAYMENT','PENDING_PAYMENT','2025-11-25 22:09:09',19,'initial create'),('ad80d6aa-fbf8-4de7-9bcd-1289a48c0c77',2,'PENDING_PAYMENT','CONFIRMED','2025-11-25 22:09:54',5,'GUEST CONFIRMED'),('ad80d6aa-fbf8-4de7-9bcd-1289a48c0c77',3,'CONFIRMED','CHECK_IN','2025-11-25 22:10:49',9,'automatically'),('ad80d6aa-fbf8-4de7-9bcd-1289a48c0c77',4,'CHECK_IN','CHECK_OUT','2025-11-25 22:27:08',9,'automatically'),('adb6a250-5253-498a-9bfc-701bef6dbd0c',1,'PENDING_PAYMENT','PENDING_PAYMENT','2025-11-26 07:24:02',7,'initial create'),('adb6a250-5253-498a-9bfc-701bef6dbd0c',2,'PENDING_PAYMENT','CONFIRMED','2025-11-26 07:24:17',7,'GUEST CONFIRMED'),('adb6a250-5253-498a-9bfc-701bef6dbd0c',3,'CONFIRMED','CHECK_IN','2025-11-26 07:25:09',9,'automatically'),('ae071d69-da98-4d9f-9b26-91b8b1e5f946',1,'PENDING_PAYMENT','PENDING_PAYMENT','2025-11-26 00:35:57',6,'initial create'),('ae071d69-da98-4d9f-9b26-91b8b1e5f946',2,'PENDING_PAYMENT','CONFIRMED','2025-11-26 00:36:13',6,'GUEST CONFIRMED'),('ae6ba50e-83d1-4445-a4ec-9e3afb727816',1,'PENDING_PAYMENT','PENDING_PAYMENT','2025-11-26 10:22:02',3,'initial create'),('ae6ba50e-83d1-4445-a4ec-9e3afb727816',2,'PENDING_PAYMENT','CONFIRMED','2025-11-26 10:22:20',3,'GUEST CONFIRMED'),('aeda2cec-4d5f-4b73-9b37-36c4a435170d',1,'PENDING_PAYMENT','PENDING_PAYMENT','2025-11-26 08:18:51',10,'initial create'),('aeda2cec-4d5f-4b73-9b37-36c4a435170d',2,'PENDING_PAYMENT','CONFIRMED','2025-11-26 08:19:06',10,'GUEST CONFIRMED'),('af0c6fb9-dbfe-4a54-a86a-c470bbdaa923',1,'PENDING_PAYMENT','PENDING_PAYMENT','2025-11-25 20:28:46',5,'initial create'),('af0c6fb9-dbfe-4a54-a86a-c470bbdaa923',2,'PENDING_PAYMENT','CONFIRMED','2025-11-25 20:30:28',5,''),('af0c6fb9-dbfe-4a54-a86a-c470bbdaa923',3,'CONFIRMED','CHECK_IN','2025-11-25 20:33:18',9,'automatically'),('af0c6fb9-dbfe-4a54-a86a-c470bbdaa923',4,'CHECK_IN','CHECK_OUT','2025-11-25 20:35:45',9,'automatically'),('b0805195-e7cc-4a1b-836a-1e085bbc06e7',1,'PENDING_PAYMENT','PENDING_PAYMENT','2025-11-26 10:07:23',8,'initial create'),('b0805195-e7cc-4a1b-836a-1e085bbc06e7',2,'PENDING_PAYMENT','CONFIRMED','2025-11-26 10:07:36',8,'GUEST CONFIRMED'),('b0805195-e7cc-4a1b-836a-1e085bbc06e7',3,'CONFIRMED','CHECK_IN','2025-11-26 10:08:11',9,'automatically'),('b0f8f5c9-2ae1-4493-8b13-02cc7538f284',1,'PENDING_PAYMENT','PENDING_PAYMENT','2025-11-26 01:47:03',2,'initial create'),('b0f8f5c9-2ae1-4493-8b13-02cc7538f284',2,'PENDING_PAYMENT','CONFIRMED','2025-11-26 01:47:20',2,'GUEST CONFIRMED'),('b0f8f5c9-2ae1-4493-8b13-02cc7538f284',3,'CONFIRMED','CHECK_IN','2025-11-26 01:48:01',9,'automatically'),('b0f8f5c9-2ae1-4493-8b13-02cc7538f284',4,'CHECK_IN','CHECK_OUT','2025-11-26 01:48:32',9,'automatically'),('b1e3adb8-6f1c-423f-8263-517bf64ce78d',1,'PENDING_PAYMENT','PENDING_PAYMENT','2025-11-26 10:14:19',22,'initial create'),('b1e3adb8-6f1c-423f-8263-517bf64ce78d',2,'PENDING_PAYMENT','CONFIRMED','2025-11-26 10:14:38',22,'GUEST CONFIRMED'),('b32b4f77-7f36-4681-b10b-8b52d297d560',1,'PENDING_PAYMENT','PENDING_PAYMENT','2025-11-26 10:22:02',3,'initial create'),('b32b4f77-7f36-4681-b10b-8b52d297d560',2,'PENDING_PAYMENT','CONFIRMED','2025-11-26 10:22:20',3,'GUEST CONFIRMED'),('b3d09d43-f0c0-4e08-a8bf-2f0a5b8b9f9e',1,'PENDING_PAYMENT','PENDING_PAYMENT','2025-11-26 08:07:34',8,'initial create'),('b3d09d43-f0c0-4e08-a8bf-2f0a5b8b9f9e',2,'PENDING_PAYMENT','CONFIRMED','2025-11-26 08:07:46',8,'GUEST CONFIRMED'),('b3d09d43-f0c0-4e08-a8bf-2f0a5b8b9f9e',3,'CONFIRMED','CHECK_IN','2025-11-26 08:09:34',9,'automatically'),('b3d09d43-f0c0-4e08-a8bf-2f0a5b8b9f9e',4,'CHECK_IN','CHECK_OUT','2025-11-26 08:13:38',9,'automatically'),('b5359425-e28c-4fe0-9a2e-7b4ea02c8b4a',1,'PENDING_PAYMENT','PENDING_PAYMENT','2025-11-26 08:03:43',18,'initial create'),('b55ce919-68d1-44e7-b98e-a44e7bc8ba68',1,'PENDING_PAYMENT','PENDING_PAYMENT','2025-11-25 22:27:46',2,'initial create'),('b55ce919-68d1-44e7-b98e-a44e7bc8ba68',2,'PENDING_PAYMENT','CONFIRMED','2025-11-25 22:28:02',5,'GUEST CONFIRMED'),('b55ce919-68d1-44e7-b98e-a44e7bc8ba68',3,'CONFIRMED','CHECK_IN','2025-11-25 22:28:54',9,'automatically'),('b55ce919-68d1-44e7-b98e-a44e7bc8ba68',4,'CHECK_IN','CHECK_OUT','2025-11-25 22:37:09',9,'automatically'),('b56199e2-ca21-437e-a8de-6383c2a3677e',1,'PENDING_PAYMENT','PENDING_PAYMENT','2025-11-26 07:58:51',10,'initial create'),('b56199e2-ca21-437e-a8de-6383c2a3677e',2,'PENDING_PAYMENT','CONFIRMED','2025-11-26 07:59:11',10,'GUEST CONFIRMED'),('b72d75ae-b182-4ade-a381-e577203ae542',1,'PENDING_PAYMENT','PENDING_PAYMENT','2025-11-25 20:28:46',5,'initial create'),('b72d75ae-b182-4ade-a381-e577203ae542',2,'PENDING_PAYMENT','CONFIRMED','2025-11-25 20:30:28',5,''),('b78526f1-2c15-4e8e-95db-a1b435d6d924',1,'PENDING_PAYMENT','PENDING_PAYMENT','2025-11-26 10:17:50',11,'initial create'),('b79c82f8-d820-4d94-8cf4-2e08fdbd16bb',1,'PENDING_PAYMENT','PENDING_PAYMENT','2025-11-26 10:37:07',2,'initial create'),('b79c82f8-d820-4d94-8cf4-2e08fdbd16bb',2,'PENDING_PAYMENT','CONFIRMED','2025-11-26 10:37:22',2,'GUEST CONFIRMED'),('b7b0de4a-60f2-4751-b9c0-1f2fcc47f555',1,'PENDING_PAYMENT','PENDING_PAYMENT','2025-11-26 01:57:45',16,'initial create'),('b941901e-8274-4c92-b879-a18f2e6b61f6',1,'PENDING_PAYMENT','PENDING_PAYMENT','2025-11-26 09:58:59',12,'initial create'),('b941901e-8274-4c92-b879-a18f2e6b61f6',2,'PENDING_PAYMENT','CONFIRMED','2025-11-26 09:59:37',12,'GUEST CONFIRMED'),('b941901e-8274-4c92-b879-a18f2e6b61f6',3,'CONFIRMED','CHECK_IN','2025-11-26 10:00:21',9,'automatically'),('b941901e-8274-4c92-b879-a18f2e6b61f6',4,'CHECK_IN','CHECK_OUT','2025-11-26 10:08:29',9,'automatically'),('b958f71b-2df7-4ffc-91a7-58579ed3fdf0',1,'PENDING_PAYMENT','PENDING_PAYMENT','2025-11-26 08:26:25',8,'initial create'),('b958f71b-2df7-4ffc-91a7-58579ed3fdf0',2,'PENDING_PAYMENT','CONFIRMED','2025-11-26 08:26:54',8,'GUEST CONFIRMED'),('b958f71b-2df7-4ffc-91a7-58579ed3fdf0',3,'CONFIRMED','CHECK_IN','2025-11-26 08:27:26',9,'automatically'),('b958f71b-2df7-4ffc-91a7-58579ed3fdf0',4,'CHECK_IN','CHECK_OUT','2025-11-26 08:33:40',9,'automatically'),('bb093e83-1e5f-48b2-905d-640adbbd3133',1,'PENDING_PAYMENT','PENDING_PAYMENT','2025-11-26 07:38:41',10,'initial create'),('bb093e83-1e5f-48b2-905d-640adbbd3133',2,'PENDING_PAYMENT','CONFIRMED','2025-11-26 07:38:58',10,'GUEST CONFIRMED'),('bcc92775-0f39-422e-b1c3-d5b77c5d0872',1,'PENDING_PAYMENT','PENDING_PAYMENT','2025-11-26 10:31:56',6,'initial create'),('bcc92775-0f39-422e-b1c3-d5b77c5d0872',2,'PENDING_PAYMENT','CONFIRMED','2025-11-26 10:32:08',12,'GUEST CONFIRMED'),('bcc92775-0f39-422e-b1c3-d5b77c5d0872',3,'CONFIRMED','CANCELLED','2025-11-26 10:34:14',12,'GUEST CANCELLED'),('beddda1a-9b4e-4b07-b503-f6bf5d073ff7',1,'PENDING_PAYMENT','PENDING_PAYMENT','2025-11-26 01:46:43',13,'initial create'),('bfc9e325-a044-4d94-8161-486ce673f7b9',1,'PENDING_PAYMENT','PENDING_PAYMENT','2025-11-25 20:53:49',19,'initial create'),('bfc9e325-a044-4d94-8161-486ce673f7b9',2,'PENDING_PAYMENT','CONFIRMED','2025-11-25 20:54:06',5,''),('bfc9e325-a044-4d94-8161-486ce673f7b9',3,'CONFIRMED','CANCELLED','2025-11-25 20:55:42',5,''),('bfd1de90-0c84-461a-8742-b558e8f9edd4',1,'PENDING_PAYMENT','PENDING_PAYMENT','2025-11-26 10:26:24',15,'initial create'),('bfd1de90-0c84-461a-8742-b558e8f9edd4',2,'PENDING_PAYMENT','CONFIRMED','2025-11-26 10:26:37',12,'GUEST CONFIRMED'),('c0e531c2-cfd1-4181-9e0c-4faea24a73c7',1,'PENDING_PAYMENT','PENDING_PAYMENT','2025-11-26 10:23:00',10,'initial create'),('c0e531c2-cfd1-4181-9e0c-4faea24a73c7',2,'PENDING_PAYMENT','CONFIRMED','2025-11-26 10:23:15',10,'GUEST CONFIRMED'),('c296ce49-c74c-4eed-8ebe-af7257621ca8',1,'PENDING_PAYMENT','PENDING_PAYMENT','2025-11-26 08:16:49',3,'initial create'),('c3552dd1-d598-4cab-8a60-c1dc49fb31a4',1,'PENDING_PAYMENT','PENDING_PAYMENT','2025-11-25 23:39:58',11,'initial create'),('c3552dd1-d598-4cab-8a60-c1dc49fb31a4',2,'PENDING_PAYMENT','CONFIRMED','2025-11-25 23:40:18',5,'GUEST CONFIRMED'),('c3552dd1-d598-4cab-8a60-c1dc49fb31a4',3,'CONFIRMED','CHECK_IN','2025-11-25 23:40:56',9,'automatically'),('c3552dd1-d598-4cab-8a60-c1dc49fb31a4',4,'CHECK_IN','CHECK_OUT','2025-11-25 23:48:26',9,'automatically'),('c429104d-6558-4b6f-bfc0-1d304bd4d7ca',1,'PENDING_PAYMENT','PENDING_PAYMENT','2025-11-26 00:59:20',7,'initial create'),('c429104d-6558-4b6f-bfc0-1d304bd4d7ca',2,'PENDING_PAYMENT','CONFIRMED','2025-11-26 00:59:40',5,'GUEST CONFIRMED'),('c516b64a-c1ca-44bc-ac7a-f6c18ff4d2d8',1,'PENDING_PAYMENT','PENDING_PAYMENT','2025-11-25 21:41:33',10,'initial create'),('c54af5c0-e4b2-461a-97ea-30c8c01ee10d',1,'PENDING_PAYMENT','PENDING_PAYMENT','2025-11-26 01:05:51',20,'initial create'),('c54af5c0-e4b2-461a-97ea-30c8c01ee10d',2,'PENDING_PAYMENT','CONFIRMED','2025-11-26 01:06:09',20,'GUEST CONFIRMED'),('c54af5c0-e4b2-461a-97ea-30c8c01ee10d',3,'CONFIRMED','CHECK_IN','2025-11-26 01:06:58',9,'automatically'),('c54af5c0-e4b2-461a-97ea-30c8c01ee10d',4,'CHECK_IN','CHECK_OUT','2025-11-26 01:08:31',9,'automatically'),('c667220a-f6f6-4805-99c4-2a2ace7e1679',1,'PENDING_PAYMENT','PENDING_PAYMENT','2025-11-26 10:02:53',18,'initial create'),('c667220a-f6f6-4805-99c4-2a2ace7e1679',2,'PENDING_PAYMENT','CONFIRMED','2025-11-26 10:03:05',15,'GUEST CONFIRMED'),('c667220a-f6f6-4805-99c4-2a2ace7e1679',3,'CONFIRMED','CHECK_IN','2025-11-26 10:04:25',9,'automatically'),('c667220a-f6f6-4805-99c4-2a2ace7e1679',4,'CHECK_IN','CHECK_OUT','2025-11-26 10:08:29',9,'automatically'),('c6d9d0b2-bebf-4a22-87d1-9d982906fd58',1,'PENDING_PAYMENT','PENDING_PAYMENT','2025-11-25 23:39:17',2,'initial create'),('c6d9d0b2-bebf-4a22-87d1-9d982906fd58',2,'PENDING_PAYMENT','CONFIRMED','2025-11-25 23:39:34',5,'GUEST CONFIRMED'),('c6e0e05f-2938-4435-bde0-30abc3c9da98',1,'PENDING_PAYMENT','PENDING_PAYMENT','2025-11-26 10:09:26',11,'initial create'),('c6e0e05f-2938-4435-bde0-30abc3c9da98',2,'PENDING_PAYMENT','CONFIRMED','2025-11-26 10:10:03',11,'GUEST CONFIRMED'),('c7cac725-0d20-4144-b942-0068ce4da396',1,'PENDING_PAYMENT','PENDING_PAYMENT','2025-11-26 10:34:45',7,'initial create'),('c7cac725-0d20-4144-b942-0068ce4da396',2,'PENDING_PAYMENT','CONFIRMED','2025-11-26 10:34:59',12,'GUEST CONFIRMED'),('c7f0a78a-38c0-453c-a9d1-f41564b990d2',1,'PENDING_PAYMENT','PENDING_PAYMENT','2025-11-25 20:48:17',2,'initial create'),('c7f0a78a-38c0-453c-a9d1-f41564b990d2',2,'PENDING_PAYMENT','CONFIRMED','2025-11-25 20:48:39',5,''),('c82e4cae-c051-49e4-90ae-7babc832a4cb',1,'PENDING_PAYMENT','PENDING_PAYMENT','2025-11-26 08:37:03',3,'initial create'),('c82e4cae-c051-49e4-90ae-7babc832a4cb',2,'PENDING_PAYMENT','CONFIRMED','2025-11-26 08:37:28',3,'GUEST CONFIRMED'),('c944acf1-a687-4eaf-99c3-b2d4dd72cdd4',1,'PENDING_PAYMENT','PENDING_PAYMENT','2025-11-26 01:42:04',4,'initial create'),('c944acf1-a687-4eaf-99c3-b2d4dd72cdd4',2,'PENDING_PAYMENT','CONFIRMED','2025-11-26 01:42:19',4,'GUEST CONFIRMED'),('c944acf1-a687-4eaf-99c3-b2d4dd72cdd4',3,'CONFIRMED','CHECK_IN','2025-11-26 01:44:00',9,'automatically'),('c944acf1-a687-4eaf-99c3-b2d4dd72cdd4',4,'CHECK_IN','CHECK_OUT','2025-11-26 01:48:32',9,'automatically'),('c9c2d77e-970c-414f-82fe-179469a5d78b',1,'PENDING_PAYMENT','PENDING_PAYMENT','2025-11-25 23:06:20',17,'initial create'),('c9d805e6-fd15-4514-9ac9-45b1f668abc0',1,'PENDING_PAYMENT','PENDING_PAYMENT','2025-11-26 08:03:59',1,'initial create'),('c9d805e6-fd15-4514-9ac9-45b1f668abc0',2,'PENDING_PAYMENT','CONFIRMED','2025-11-26 08:04:11',1,'GUEST CONFIRMED'),('c9d805e6-fd15-4514-9ac9-45b1f668abc0',3,'CONFIRMED','CHECK_IN','2025-11-26 08:04:44',9,'automatically'),('c9d805e6-fd15-4514-9ac9-45b1f668abc0',4,'CHECK_IN','CHECK_OUT','2025-11-26 08:13:38',9,'automatically'),('c9de0918-1cd0-4300-a893-7a2f9d600ca3',1,'PENDING_PAYMENT','PENDING_PAYMENT','2025-11-26 01:54:03',8,'initial create'),('c9de0918-1cd0-4300-a893-7a2f9d600ca3',2,'PENDING_PAYMENT','CONFIRMED','2025-11-26 01:54:20',1,'GUEST CONFIRMED'),('ca5daf73-3cff-450c-a1ff-093c16f8ece9',1,'PENDING_PAYMENT','PENDING_PAYMENT','2025-11-25 20:50:47',11,'initial create'),('ca5daf73-3cff-450c-a1ff-093c16f8ece9',2,'PENDING_PAYMENT','CONFIRMED','2025-11-25 20:51:02',5,''),('ca5daf73-3cff-450c-a1ff-093c16f8ece9',3,'CONFIRMED','CHECK_IN','2025-11-25 20:52:12',9,'automatically'),('ca5daf73-3cff-450c-a1ff-093c16f8ece9',4,'CHECK_IN','CHECK_OUT','2025-11-25 20:56:39',9,'automatically'),('ca745688-1a60-434a-b7cd-16f14cd71136',1,'PENDING_PAYMENT','PENDING_PAYMENT','2025-11-26 07:46:28',11,'initial create'),('ca745688-1a60-434a-b7cd-16f14cd71136',2,'PENDING_PAYMENT','CONFIRMED','2025-11-26 07:46:41',11,'GUEST CONFIRMED'),('ca745688-1a60-434a-b7cd-16f14cd71136',3,'CONFIRMED','CHECK_IN','2025-11-26 07:47:12',9,'automatically'),('ca745688-1a60-434a-b7cd-16f14cd71136',4,'CHECK_IN','CHECK_OUT','2025-11-26 07:53:36',9,'automatically'),('cbac9bc2-9310-49ea-b0cf-33dbfcad96fa',1,'PENDING_PAYMENT','PENDING_PAYMENT','2025-11-26 10:22:02',3,'initial create'),('cbac9bc2-9310-49ea-b0cf-33dbfcad96fa',2,'PENDING_PAYMENT','CONFIRMED','2025-11-26 10:22:20',3,'GUEST CONFIRMED'),('cbf64a2a-0f36-4dab-a4ee-7dae334ef17a',1,'PENDING_PAYMENT','PENDING_PAYMENT','2025-11-26 07:46:28',11,'initial create'),('cbf64a2a-0f36-4dab-a4ee-7dae334ef17a',2,'PENDING_PAYMENT','CONFIRMED','2025-11-26 07:46:41',11,'GUEST CONFIRMED'),('cbf64a2a-0f36-4dab-a4ee-7dae334ef17a',3,'CONFIRMED','CHECK_IN','2025-11-26 07:48:27',9,'automatically'),('cbf64a2a-0f36-4dab-a4ee-7dae334ef17a',4,'CHECK_IN','CHECK_OUT','2025-11-26 07:53:36',9,'automatically'),('cc12c54c-d2eb-4b6b-a080-f4b9f50306e8',1,'PENDING_PAYMENT','PENDING_PAYMENT','2025-11-26 00:24:26',9,'initial create'),('cc96736b-73e7-4c19-93bc-1d295eeccbfe',1,'PENDING_PAYMENT','PENDING_PAYMENT','2025-11-26 08:10:36',16,'initial create'),('ccde7de6-6ff6-44ff-9d1b-d2f50ee57249',1,'PENDING_PAYMENT','PENDING_PAYMENT','2025-11-26 08:26:08',6,'initial create'),('ccde7de6-6ff6-44ff-9d1b-d2f50ee57249',2,'PENDING_PAYMENT','CONFIRMED','2025-11-26 08:26:42',1,'GUEST CONFIRMED'),('cdcddf34-82d5-4eef-b8c9-ab3a52160b4c',1,'PENDING_PAYMENT','PENDING_PAYMENT','2025-11-26 01:02:35',12,'initial create'),('cdcddf34-82d5-4eef-b8c9-ab3a52160b4c',2,'PENDING_PAYMENT','CONFIRMED','2025-11-26 01:02:57',12,'GUEST CONFIRMED'),('cde780f5-6c8a-40ad-a0de-072abf6e8af9',1,'PENDING_PAYMENT','PENDING_PAYMENT','2025-11-25 21:47:39',5,'initial create'),('cde780f5-6c8a-40ad-a0de-072abf6e8af9',2,'PENDING_PAYMENT','CONFIRMED','2025-11-25 21:47:51',5,'GUEST CONFIRMED'),('ce6eabf5-f7c7-4ac6-a780-83622ba6b967',1,'PENDING_PAYMENT','PENDING_PAYMENT','2025-11-26 10:02:53',18,'initial create'),('ce6eabf5-f7c7-4ac6-a780-83622ba6b967',2,'PENDING_PAYMENT','CONFIRMED','2025-11-26 10:03:05',15,'GUEST CONFIRMED'),('ce6eabf5-f7c7-4ac6-a780-83622ba6b967',3,'CONFIRMED','CHECK_IN','2025-11-26 10:03:39',9,'automatically'),('ce6eabf5-f7c7-4ac6-a780-83622ba6b967',4,'CHECK_IN','CHECK_OUT','2025-11-26 10:08:29',9,'automatically'),('cf9ce803-f88e-40b6-aff7-86fa1b43bbff',1,'PENDING_PAYMENT','PENDING_PAYMENT','2025-11-26 10:17:05',13,'initial create'),('cf9ce803-f88e-40b6-aff7-86fa1b43bbff',2,'PENDING_PAYMENT','CONFIRMED','2025-11-26 10:17:23',13,'GUEST CONFIRMED'),('cfadeae1-d7cf-4f44-8d8a-aa7a935a4ea0',1,'PENDING_PAYMENT','PENDING_PAYMENT','2025-11-26 10:00:42',15,'initial create'),('cfadeae1-d7cf-4f44-8d8a-aa7a935a4ea0',2,'PENDING_PAYMENT','CONFIRMED','2025-11-26 10:00:55',15,'GUEST CONFIRMED'),('cfadeae1-d7cf-4f44-8d8a-aa7a935a4ea0',3,'CONFIRMED','CHECK_IN','2025-11-26 10:02:26',9,'automatically'),('cfadeae1-d7cf-4f44-8d8a-aa7a935a4ea0',4,'CHECK_IN','CHECK_OUT','2025-11-26 10:08:29',9,'automatically'),('cfda2a2b-fdf7-4fc4-8117-a8f660b1fe5a',1,'PENDING_PAYMENT','PENDING_PAYMENT','2025-11-26 08:19:21',12,'initial create'),('cfda2a2b-fdf7-4fc4-8117-a8f660b1fe5a',2,'PENDING_PAYMENT','CONFIRMED','2025-11-26 08:19:34',12,'GUEST CONFIRMED'),('cfda2a2b-fdf7-4fc4-8117-a8f660b1fe5a',3,'CONFIRMED','CHECK_IN','2025-11-26 08:20:00',9,'automatically'),('cfda2a2b-fdf7-4fc4-8117-a8f660b1fe5a',4,'CHECK_IN','CHECK_OUT','2025-11-26 08:23:39',9,'automatically'),('d2b5f36a-654d-469c-bd09-750ceb63ab96',1,'PENDING_PAYMENT','PENDING_PAYMENT','2025-11-25 23:30:05',4,'initial create'),('d2b5f36a-654d-469c-bd09-750ceb63ab96',2,'PENDING_PAYMENT','CONFIRMED','2025-11-25 23:30:22',5,'GUEST CONFIRMED'),('d2b5f36a-654d-469c-bd09-750ceb63ab96',3,'CONFIRMED','CHECK_IN','2025-11-25 23:33:06',9,'automatically'),('d2b5f36a-654d-469c-bd09-750ceb63ab96',4,'CHECK_IN','CHECK_OUT','2025-11-25 23:33:21',9,'automatically'),('d2b6cb43-49ff-4461-bb58-51902a399d3d',1,'PENDING_PAYMENT','PENDING_PAYMENT','2025-11-26 01:07:20',3,'initial create'),('d2b6cb43-49ff-4461-bb58-51902a399d3d',2,'PENDING_PAYMENT','CONFIRMED','2025-11-26 01:07:49',3,'GUEST CONFIRMED'),('d2b6cb43-49ff-4461-bb58-51902a399d3d',3,'CONFIRMED','CHECK_IN','2025-11-26 01:09:11',9,'automatically'),('d2b6cb43-49ff-4461-bb58-51902a399d3d',4,'CHECK_IN','CHECK_OUT','2025-11-26 01:18:31',9,'automatically'),('d2c45093-119c-4547-a001-424739596ef9',1,'PENDING_PAYMENT','PENDING_PAYMENT','2025-11-26 01:54:41',11,'initial create'),('d2c45093-119c-4547-a001-424739596ef9',2,'PENDING_PAYMENT','CONFIRMED','2025-11-26 01:54:55',11,'GUEST CONFIRMED'),('d2c45093-119c-4547-a001-424739596ef9',3,'CONFIRMED','CHECK_IN','2025-11-26 01:55:40',9,'automatically'),('d2c45093-119c-4547-a001-424739596ef9',4,'CHECK_IN','CHECK_OUT','2025-11-26 01:58:32',9,'automatically'),('d4361b34-7460-43a5-b5f5-599c0c3335a2',1,'PENDING_PAYMENT','PENDING_PAYMENT','2025-11-26 01:09:44',3,'initial create'),('d592d0d2-4217-495d-b218-ebe782972a7f',1,'PENDING_PAYMENT','PENDING_PAYMENT','2025-11-26 10:17:50',11,'initial create'),('d63193ec-3d5b-4ef2-b4c4-29d24e8674a3',1,'PENDING_PAYMENT','PENDING_PAYMENT','2025-11-25 23:46:40',1,'initial create'),('d63193ec-3d5b-4ef2-b4c4-29d24e8674a3',2,'PENDING_PAYMENT','CONFIRMED','2025-11-25 23:47:37',6,'GUEST CONFIRMED'),('d63193ec-3d5b-4ef2-b4c4-29d24e8674a3',3,'CONFIRMED','CANCELLED','2025-11-25 23:47:55',6,'GUEST CANCELLED'),('d652163a-1ba0-4dd9-ab2a-81f52a10ea39',1,'PENDING_PAYMENT','PENDING_PAYMENT','2025-11-25 20:56:08',1,'initial create'),('d652163a-1ba0-4dd9-ab2a-81f52a10ea39',2,'PENDING_PAYMENT','CONFIRMED','2025-11-25 20:56:48',5,''),('d652163a-1ba0-4dd9-ab2a-81f52a10ea39',3,'CONFIRMED','CHECK_IN','2025-11-25 21:01:04',9,'automatically'),('d652163a-1ba0-4dd9-ab2a-81f52a10ea39',4,'CHECK_IN','CHECK_OUT','2025-11-25 21:06:39',9,'automatically'),('d6735454-a2f6-42cc-b330-930c43e312bf',1,'PENDING_PAYMENT','PENDING_PAYMENT','2025-11-25 20:56:08',1,'initial create'),('d6735454-a2f6-42cc-b330-930c43e312bf',2,'PENDING_PAYMENT','CONFIRMED','2025-11-25 20:56:48',5,''),('d6735454-a2f6-42cc-b330-930c43e312bf',3,'CONFIRMED','CHECK_IN','2025-11-25 21:00:25',9,'automatically'),('d6735454-a2f6-42cc-b330-930c43e312bf',4,'CHECK_IN','CHECK_OUT','2025-11-25 21:06:39',9,'automatically'),('d7e3a2ae-41eb-4758-b794-43611f45cd81',1,'PENDING_PAYMENT','PENDING_PAYMENT','2025-11-26 08:10:36',16,'initial create'),('d7ed6155-8b8b-49bd-909c-b43b0fd7bcd9',1,'PENDING_PAYMENT','PENDING_PAYMENT','2025-11-25 23:37:26',18,'initial create'),('d7ed6155-8b8b-49bd-909c-b43b0fd7bcd9',2,'PENDING_PAYMENT','CONFIRMED','2025-11-25 23:37:41',5,'GUEST CONFIRMED'),('d7ed6155-8b8b-49bd-909c-b43b0fd7bcd9',3,'CONFIRMED','CHECK_IN','2025-11-25 23:38:16',9,'automatically'),('d7ed6155-8b8b-49bd-909c-b43b0fd7bcd9',4,'CHECK_IN','CHECK_OUT','2025-11-25 23:38:26',9,'automatically'),('d8eb7074-bf1f-4e90-ab34-d6e65a700316',1,'PENDING_PAYMENT','PENDING_PAYMENT','2025-11-26 00:53:01',5,'initial create'),('d8eb7074-bf1f-4e90-ab34-d6e65a700316',2,'PENDING_PAYMENT','CONFIRMED','2025-11-26 00:53:24',5,'GUEST CONFIRMED'),('d8eb7074-bf1f-4e90-ab34-d6e65a700316',3,'CONFIRMED','CHECK_IN','2025-11-26 00:54:23',9,'automatically'),('d8eb7074-bf1f-4e90-ab34-d6e65a700316',4,'CHECK_IN','CHECK_OUT','2025-11-26 00:58:30',9,'automatically'),('da49e55d-31b8-4b23-8e76-86b7fb602d87',1,'PENDING_PAYMENT','PENDING_PAYMENT','2025-11-26 00:26:52',17,'initial create'),('da49e55d-31b8-4b23-8e76-86b7fb602d87',2,'PENDING_PAYMENT','CONFIRMED','2025-11-26 00:27:12',17,'GUEST CONFIRMED'),('da49e55d-31b8-4b23-8e76-86b7fb602d87',3,'CONFIRMED','CHECK_IN','2025-11-26 00:28:54',9,'automatically'),('da49e55d-31b8-4b23-8e76-86b7fb602d87',4,'CHECK_IN','CHECK_OUT','2025-11-26 00:38:29',9,'automatically'),('db3ceea5-5526-4994-9d7b-7d41f378a513',1,'PENDING_PAYMENT','PENDING_PAYMENT','2025-11-26 08:41:01',10,'initial create'),('db3ceea5-5526-4994-9d7b-7d41f378a513',2,'PENDING_PAYMENT','CONFIRMED','2025-11-26 08:41:14',10,'GUEST CONFIRMED'),('db3ceea5-5526-4994-9d7b-7d41f378a513',3,'CONFIRMED','CHECK_IN','2025-11-26 08:42:51',9,'automatically'),('db3ceea5-5526-4994-9d7b-7d41f378a513',4,'CHECK_IN','CHECK_OUT','2025-11-26 08:43:40',9,'automatically'),('dc04ac7b-89bc-4809-a910-2b968030682b',1,'PENDING_PAYMENT','PENDING_PAYMENT','2025-11-26 10:36:01',22,'initial create'),('dc04ac7b-89bc-4809-a910-2b968030682b',2,'PENDING_PAYMENT','CONFIRMED','2025-11-26 10:36:23',22,'GUEST CONFIRMED'),('dd1fcd80-26ba-4df2-a231-2aa7d32263c0',1,'PENDING_PAYMENT','PENDING_PAYMENT','2025-11-26 01:46:43',13,'initial create'),('dd52d772-52bc-481e-b199-6383fc7c22f4',1,'PENDING_PAYMENT','PENDING_PAYMENT','2025-11-25 23:06:56',4,'initial create'),('dd52d772-52bc-481e-b199-6383fc7c22f4',2,'PENDING_PAYMENT','CONFIRMED','2025-11-25 23:07:18',5,'GUEST CONFIRMED'),('dd52d772-52bc-481e-b199-6383fc7c22f4',3,'CONFIRMED','CHECK_IN','2025-11-25 23:08:09',9,'automatically'),('dd52d772-52bc-481e-b199-6383fc7c22f4',4,'CHECK_IN','CHECK_OUT','2025-11-25 23:08:25',9,'automatically'),('ddad7c3d-1436-4735-82b0-91414b9c7c08',1,'PENDING_PAYMENT','PENDING_PAYMENT','2025-11-25 20:56:08',1,'initial create'),('ddad7c3d-1436-4735-82b0-91414b9c7c08',2,'PENDING_PAYMENT','CONFIRMED','2025-11-25 20:56:48',5,''),('ddad7c3d-1436-4735-82b0-91414b9c7c08',3,'CONFIRMED','CHECK_IN','2025-11-25 20:59:08',9,'automatically'),('e0a72074-16f3-48a7-a2ff-300ef965f47b',1,'PENDING_PAYMENT','PENDING_PAYMENT','2025-11-26 08:30:05',16,'initial create'),('e0a72074-16f3-48a7-a2ff-300ef965f47b',2,'PENDING_PAYMENT','CONFIRMED','2025-11-26 08:30:19',16,'GUEST CONFIRMED'),('e0a72074-16f3-48a7-a2ff-300ef965f47b',3,'CONFIRMED','CHECK_IN','2025-11-26 08:32:09',9,'automatically'),('e0a72074-16f3-48a7-a2ff-300ef965f47b',4,'CHECK_IN','CHECK_OUT','2025-11-26 08:33:40',9,'automatically'),('e11b8fb7-5773-465b-92d0-e657be987fd3',1,'PENDING_PAYMENT','PENDING_PAYMENT','2025-11-26 10:17:50',11,'initial create'),('e36f0043-bcca-4936-9b3b-99eecc2a35e8',1,'PENDING_PAYMENT','PENDING_PAYMENT','2025-11-26 08:06:39',6,'initial create'),('e36f0043-bcca-4936-9b3b-99eecc2a35e8',2,'PENDING_PAYMENT','CONFIRMED','2025-11-26 08:07:00',6,'GUEST CONFIRMED'),('e36f0043-bcca-4936-9b3b-99eecc2a35e8',3,'CONFIRMED','CANCELLED','2025-11-26 08:07:13',6,'GUEST CANCELLED'),('e47c033e-e6da-43f7-b9d0-3b0dcbf17aba',1,'PENDING_PAYMENT','PENDING_PAYMENT','2025-11-26 10:37:07',2,'initial create'),('e47c033e-e6da-43f7-b9d0-3b0dcbf17aba',2,'PENDING_PAYMENT','CONFIRMED','2025-11-26 10:37:22',2,'GUEST CONFIRMED'),('e4c49081-07c1-45dd-95c1-5130960d5d8c',1,'PENDING_PAYMENT','PENDING_PAYMENT','2025-11-26 10:37:07',2,'initial create'),('e4c49081-07c1-45dd-95c1-5130960d5d8c',2,'PENDING_PAYMENT','CONFIRMED','2025-11-26 10:37:22',2,'GUEST CONFIRMED'),('e4ca6914-9d53-4873-bbe3-ac22a65b7e1b',1,'PENDING_PAYMENT','PENDING_PAYMENT','2025-11-26 08:18:51',10,'initial create'),('e4ca6914-9d53-4873-bbe3-ac22a65b7e1b',2,'PENDING_PAYMENT','CONFIRMED','2025-11-26 08:19:06',10,'GUEST CONFIRMED'),('e4ffd415-1e41-4916-809b-b9e485244d3a',1,'PENDING_PAYMENT','PENDING_PAYMENT','2025-11-26 08:16:49',3,'initial create'),('e5508e57-435e-46ed-8c9c-e59aa52a1355',1,'PENDING_PAYMENT','PENDING_PAYMENT','2025-11-26 10:26:24',15,'initial create'),('e5508e57-435e-46ed-8c9c-e59aa52a1355',2,'PENDING_PAYMENT','CONFIRMED','2025-11-26 10:26:37',12,'GUEST CONFIRMED'),('e5a29143-a60f-4ab0-9da9-e8dd41e32219',1,'PENDING_PAYMENT','PENDING_PAYMENT','2025-11-26 08:24:42',1,'initial create'),('e5a29143-a60f-4ab0-9da9-e8dd41e32219',2,'PENDING_PAYMENT','CONFIRMED','2025-11-26 08:24:58',1,'GUEST CONFIRMED'),('e5a29143-a60f-4ab0-9da9-e8dd41e32219',3,'CONFIRMED','CHECK_IN','2025-11-26 08:25:39',9,'automatically'),('e5b3b86f-b508-4395-ac7c-9a7ce9d574bd',1,'PENDING_PAYMENT','PENDING_PAYMENT','2025-11-26 08:16:49',3,'initial create'),('e6406952-1c91-4699-b06d-ab4bfc69c9c1',1,'PENDING_PAYMENT','PENDING_PAYMENT','2025-11-26 08:40:27',7,'initial create'),('e6406952-1c91-4699-b06d-ab4bfc69c9c1',2,'PENDING_PAYMENT','CONFIRMED','2025-11-26 08:40:42',7,'GUEST CONFIRMED'),('e7f240b1-cdcf-4740-98d1-d25fb18dd36f',1,'PENDING_PAYMENT','PENDING_PAYMENT','2025-11-25 23:34:05',14,'initial create'),('e7f240b1-cdcf-4740-98d1-d25fb18dd36f',2,'PENDING_PAYMENT','CONFIRMED','2025-11-25 23:34:22',5,'GUEST CONFIRMED'),('e7f240b1-cdcf-4740-98d1-d25fb18dd36f',3,'CONFIRMED','CANCELLED','2025-11-25 23:34:55',5,'GUEST CANCELLED'),('e8c6ce23-cf42-4f24-9b03-f8b3990bbbd2',1,'PENDING_PAYMENT','PENDING_PAYMENT','2025-11-25 23:41:36',22,'initial create'),('e8c6ce23-cf42-4f24-9b03-f8b3990bbbd2',2,'PENDING_PAYMENT','CONFIRMED','2025-11-25 23:41:52',5,'GUEST CONFIRMED'),('e8c6ce23-cf42-4f24-9b03-f8b3990bbbd2',3,'CONFIRMED','CHECK_IN','2025-11-25 23:42:42',9,'automatically'),('e8c6ce23-cf42-4f24-9b03-f8b3990bbbd2',4,'CHECK_IN','CHECK_OUT','2025-11-25 23:48:26',9,'automatically'),('e9a117ab-ae0c-4d1f-8c84-2e0285d6967c',1,'PENDING_PAYMENT','PENDING_PAYMENT','2025-11-25 21:38:34',3,'initial create'),('ec690634-e1ab-4317-ba9b-bec50551982b',1,'PENDING_PAYMENT','PENDING_PAYMENT','2025-11-25 20:40:56',3,'initial create'),('ec690634-e1ab-4317-ba9b-bec50551982b',2,'PENDING_PAYMENT','CONFIRMED','2025-11-25 20:41:25',5,''),('ec690634-e1ab-4317-ba9b-bec50551982b',3,'CONFIRMED','CHECK_IN','2025-11-25 20:42:29',9,'automatically'),('ec690634-e1ab-4317-ba9b-bec50551982b',4,'CHECK_IN','CHECK_OUT','2025-11-25 20:42:44',9,'automatically'),('ec93f25b-8ec3-486b-8995-1073174a42af',1,'PENDING_PAYMENT','PENDING_PAYMENT','2025-11-26 10:31:29',1,'initial create'),('ec93f25b-8ec3-486b-8995-1073174a42af',2,'PENDING_PAYMENT','CONFIRMED','2025-11-26 10:31:41',12,'GUEST CONFIRMED'),('ed5ee2ed-c95a-47bc-b1e4-0dc89398c93c',1,'PENDING_PAYMENT','PENDING_PAYMENT','2025-11-26 01:54:03',8,'initial create'),('ed5ee2ed-c95a-47bc-b1e4-0dc89398c93c',2,'PENDING_PAYMENT','CONFIRMED','2025-11-26 01:54:20',1,'GUEST CONFIRMED'),('ed6f9dde-c83d-4a1b-bc5d-aeff6f8207cc',1,'PENDING_PAYMENT','PENDING_PAYMENT','2025-11-26 07:40:40',15,'initial create'),('ed6f9dde-c83d-4a1b-bc5d-aeff6f8207cc',2,'PENDING_PAYMENT','CONFIRMED','2025-11-26 07:40:56',15,'GUEST CONFIRMED'),('ed6f9dde-c83d-4a1b-bc5d-aeff6f8207cc',3,'CONFIRMED','CHECK_IN','2025-11-26 07:41:27',9,'automatically'),('ed6f9dde-c83d-4a1b-bc5d-aeff6f8207cc',4,'CHECK_IN','CHECK_OUT','2025-11-26 07:43:35',9,'automatically'),('ee1831a0-9469-44e6-a987-d1ce91c9ea4e',1,'PENDING_PAYMENT','PENDING_PAYMENT','2025-11-26 10:23:00',10,'initial create'),('ee1831a0-9469-44e6-a987-d1ce91c9ea4e',2,'PENDING_PAYMENT','CONFIRMED','2025-11-26 10:23:15',10,'GUEST CONFIRMED'),('ef0402d7-1c41-436d-be2a-c92d5a998acb',1,'PENDING_PAYMENT','PENDING_PAYMENT','2025-11-26 08:29:14',11,'initial create'),('ef0402d7-1c41-436d-be2a-c92d5a998acb',2,'PENDING_PAYMENT','CONFIRMED','2025-11-26 08:29:29',11,'GUEST CONFIRMED'),('ef0402d7-1c41-436d-be2a-c92d5a998acb',3,'CONFIRMED','CANCELLED','2025-11-26 08:29:41',11,'GUEST CANCELLED'),('ef8449e8-bf52-4de9-8252-930b30564f49',1,'PENDING_PAYMENT','PENDING_PAYMENT','2025-11-26 10:36:01',22,'initial create'),('ef8449e8-bf52-4de9-8252-930b30564f49',2,'PENDING_PAYMENT','CONFIRMED','2025-11-26 10:36:23',22,'GUEST CONFIRMED'),('f43a74f6-2d66-459a-90ab-4ff1f9db98bb',1,'PENDING_PAYMENT','PENDING_PAYMENT','2025-11-25 22:09:09',19,'initial create'),('f43a74f6-2d66-459a-90ab-4ff1f9db98bb',2,'PENDING_PAYMENT','CONFIRMED','2025-11-25 22:09:54',5,'GUEST CONFIRMED'),('f43a74f6-2d66-459a-90ab-4ff1f9db98bb',3,'CONFIRMED','CHECK_IN','2025-11-25 22:11:27',9,'automatically'),('f43a74f6-2d66-459a-90ab-4ff1f9db98bb',4,'CHECK_IN','CHECK_OUT','2025-11-25 22:27:08',9,'automatically'),('f58f4bb8-7eac-40ad-ba93-69bb657e9f75',1,'PENDING_PAYMENT','PENDING_PAYMENT','2025-11-26 10:17:05',13,'initial create'),('f58f4bb8-7eac-40ad-ba93-69bb657e9f75',2,'PENDING_PAYMENT','CONFIRMED','2025-11-26 10:17:23',13,'GUEST CONFIRMED'),('f651e03c-7caa-4ed0-ae98-1bd7bab413af',1,'PENDING_PAYMENT','PENDING_PAYMENT','2025-11-26 07:42:44',18,'initial create'),('f651e03c-7caa-4ed0-ae98-1bd7bab413af',2,'PENDING_PAYMENT','CONFIRMED','2025-11-26 07:43:01',18,'GUEST CONFIRMED'),('f651e03c-7caa-4ed0-ae98-1bd7bab413af',3,'CONFIRMED','CANCELLED','2025-11-26 07:43:13',18,'GUEST CANCELLED'),('f7192269-3870-4289-ac91-1213ff398ee5',1,'PENDING_PAYMENT','PENDING_PAYMENT','2025-11-26 01:54:41',11,'initial create'),('f7192269-3870-4289-ac91-1213ff398ee5',2,'PENDING_PAYMENT','CONFIRMED','2025-11-26 01:54:55',11,'GUEST CONFIRMED'),('f7192269-3870-4289-ac91-1213ff398ee5',3,'CONFIRMED','CHECK_IN','2025-11-26 01:57:21',9,'automatically'),('f7192269-3870-4289-ac91-1213ff398ee5',4,'CHECK_IN','CHECK_OUT','2025-11-26 01:58:32',9,'automatically'),('f7e99f47-0568-4101-9855-0946284e334b',1,'PENDING_PAYMENT','PENDING_PAYMENT','2025-11-26 00:34:04',6,'initial create'),('f7e99f47-0568-4101-9855-0946284e334b',2,'PENDING_PAYMENT','CONFIRMED','2025-11-26 00:34:20',6,'GUEST CONFIRMED'),('f7e99f47-0568-4101-9855-0946284e334b',3,'CONFIRMED','CHECK_IN','2025-11-26 00:35:02',9,'automatically'),('f7e99f47-0568-4101-9855-0946284e334b',4,'CHECK_IN','CHECK_OUT','2025-11-26 00:38:29',9,'automatically'),('f8859c48-ebbe-4abb-a604-6f290d381a90',1,'PENDING_PAYMENT','PENDING_PAYMENT','2025-11-26 08:06:39',6,'initial create'),('f8859c48-ebbe-4abb-a604-6f290d381a90',2,'PENDING_PAYMENT','CONFIRMED','2025-11-26 08:07:00',6,'GUEST CONFIRMED'),('f8859c48-ebbe-4abb-a604-6f290d381a90',3,'CONFIRMED','CANCELLED','2025-11-26 08:07:14',6,'GUEST CANCELLED'),('f96b0fa3-698f-41d0-b572-1ea384fa9f18',1,'PENDING_PAYMENT','PENDING_PAYMENT','2025-11-26 07:43:33',1,'initial create'),('f96b0fa3-698f-41d0-b572-1ea384fa9f18',2,'PENDING_PAYMENT','CONFIRMED','2025-11-26 07:43:48',1,'GUEST CONFIRMED'),('f96b0fa3-698f-41d0-b572-1ea384fa9f18',3,'CONFIRMED','CHECK_IN','2025-11-26 07:44:23',9,'automatically'),('f96b0fa3-698f-41d0-b572-1ea384fa9f18',4,'CHECK_IN','CHECK_OUT','2025-11-26 07:53:36',9,'automatically'),('f9c995a3-4621-46c0-a992-06f1601eb87f',1,'PENDING_PAYMENT','PENDING_PAYMENT','2025-11-25 23:49:50',22,'initial create'),('f9c995a3-4621-46c0-a992-06f1601eb87f',2,'PENDING_PAYMENT','CONFIRMED','2025-11-25 23:50:11',22,'GUEST CONFIRMED'),('f9c995a3-4621-46c0-a992-06f1601eb87f',3,'CONFIRMED','CHECK_IN','2025-11-25 23:50:45',9,'automatically'),('f9c995a3-4621-46c0-a992-06f1601eb87f',4,'CHECK_IN','CHECK_OUT','2025-11-25 23:58:27',9,'automatically'),('fa4d94f5-80df-4e48-baae-69a7818035b9',1,'PENDING_PAYMENT','PENDING_PAYMENT','2025-11-26 10:37:07',2,'initial create'),('fa4d94f5-80df-4e48-baae-69a7818035b9',2,'PENDING_PAYMENT','CONFIRMED','2025-11-26 10:37:22',2,'GUEST CONFIRMED'),('fb5728b1-b232-4b8a-a6dc-374b35fdb398',1,'PENDING_PAYMENT','PENDING_PAYMENT','2025-11-26 08:26:08',6,'initial create'),('fb5728b1-b232-4b8a-a6dc-374b35fdb398',2,'PENDING_PAYMENT','CONFIRMED','2025-11-26 08:26:42',1,'GUEST CONFIRMED'),('fb856733-5064-4b55-be6a-ac3017d8fcb1',1,'PENDING_PAYMENT','PENDING_PAYMENT','2025-11-25 23:08:51',11,'initial create'),('fb856733-5064-4b55-be6a-ac3017d8fcb1',2,'PENDING_PAYMENT','CONFIRMED','2025-11-25 23:09:11',5,'GUEST CONFIRMED'),('fb856733-5064-4b55-be6a-ac3017d8fcb1',3,'CONFIRMED','CHECK_IN','2025-11-25 23:10:52',9,'automatically'),('fb856733-5064-4b55-be6a-ac3017d8fcb1',4,'CHECK_IN','CHECK_OUT','2025-11-25 23:18:25',9,'automatically'),('fbbab1f9-d1d3-4ca2-8fbf-95f478dc660e',1,'PENDING_PAYMENT','PENDING_PAYMENT','2025-11-26 08:26:25',8,'initial create'),('fbbab1f9-d1d3-4ca2-8fbf-95f478dc660e',2,'PENDING_PAYMENT','CONFIRMED','2025-11-26 08:26:54',8,'GUEST CONFIRMED'),('fbbab1f9-d1d3-4ca2-8fbf-95f478dc660e',3,'CONFIRMED','CHECK_IN','2025-11-26 08:28:35',9,'automatically'),('fbbab1f9-d1d3-4ca2-8fbf-95f478dc660e',4,'CHECK_IN','CHECK_OUT','2025-11-26 08:33:40',9,'automatically'),('fc5693cf-a6eb-4512-be2b-3affd68f1257',1,'PENDING_PAYMENT','PENDING_PAYMENT','2025-11-26 10:34:45',7,'initial create'),('fc5693cf-a6eb-4512-be2b-3affd68f1257',2,'PENDING_PAYMENT','CONFIRMED','2025-11-26 10:34:59',12,'GUEST CONFIRMED'),('fd531a87-b0cf-4c49-8e36-4ae7cadd37f2',1,'PENDING_PAYMENT','PENDING_PAYMENT','2025-11-26 10:34:45',7,'initial create'),('fd531a87-b0cf-4c49-8e36-4ae7cadd37f2',2,'PENDING_PAYMENT','CONFIRMED','2025-11-26 10:34:59',12,'GUEST CONFIRMED'),('fd5f9aae-198b-4acc-8611-9d41ec5c25c0',1,'PENDING_PAYMENT','PENDING_PAYMENT','2025-11-25 21:38:34',3,'initial create'),('fd9bc738-f453-472e-a008-50b2ec7500ca',1,'PENDING_PAYMENT','PENDING_PAYMENT','2025-11-25 23:46:40',1,'initial create'),('fd9bc738-f453-472e-a008-50b2ec7500ca',2,'PENDING_PAYMENT','CONFIRMED','2025-11-25 23:47:37',6,'GUEST CONFIRMED'),('fd9bc738-f453-472e-a008-50b2ec7500ca',3,'CONFIRMED','CANCELLED','2025-11-25 23:47:55',6,'GUEST CANCELLED'),('fe6bb904-1367-4cb4-a9c7-8295d8d63b04',1,'PENDING_PAYMENT','PENDING_PAYMENT','2025-11-25 22:27:46',2,'initial create'),('fe6bb904-1367-4cb4-a9c7-8295d8d63b04',2,'PENDING_PAYMENT','CONFIRMED','2025-11-25 22:28:02',5,'GUEST CONFIRMED'),('fe6bb904-1367-4cb4-a9c7-8295d8d63b04',3,'CONFIRMED','CHECK_IN','2025-11-25 22:29:37',9,'automatically');
/*!40000 ALTER TABLE `reservationstatushistory` ENABLE KEYS */;
UNLOCK TABLES;

--
-- Table structure for table `role`
--

DROP TABLE IF EXISTS `role`;
/*!40101 SET @saved_cs_client     = @@character_set_client */;
/*!50503 SET character_set_client = utf8mb4 */;
CREATE TABLE `role` (
  `id` int NOT NULL AUTO_INCREMENT,
  `name` enum('MANAGER','EMPLOYEE') NOT NULL,
  `salary` decimal(10,2) DEFAULT NULL,
  PRIMARY KEY (`id`)
) ENGINE=InnoDB AUTO_INCREMENT=3 DEFAULT CHARSET=utf8mb4 COLLATE=utf8mb4_0900_ai_ci;
/*!40101 SET character_set_client = @saved_cs_client */;

--
-- Dumping data for table `role`
--

LOCK TABLES `role` WRITE;
/*!40000 ALTER TABLE `role` DISABLE KEYS */;
INSERT INTO `role` VALUES (1,'MANAGER',15000000.00),(2,'EMPLOYEE',10000000.00);
/*!40000 ALTER TABLE `role` ENABLE KEYS */;
UNLOCK TABLES;

--
-- Table structure for table `room`
--

DROP TABLE IF EXISTS `room`;
/*!40101 SET @saved_cs_client     = @@character_set_client */;
/*!50503 SET character_set_client = utf8mb4 */;
CREATE TABLE `room` (
  `id` int NOT NULL,
  `typeId` int NOT NULL,
  `status` enum('READY','UNDER_REPAIR') NOT NULL DEFAULT 'READY',
  PRIMARY KEY (`id`),
  KEY `FK_room_roomtype` (`typeId`),
  CONSTRAINT `FK_room_roomtype` FOREIGN KEY (`typeId`) REFERENCES `roomtype` (`id`)
) ENGINE=InnoDB DEFAULT CHARSET=utf8mb4 COLLATE=utf8mb4_0900_ai_ci;
/*!40101 SET character_set_client = @saved_cs_client */;

--
-- Dumping data for table `room`
--

LOCK TABLES `room` WRITE;
/*!40000 ALTER TABLE `room` DISABLE KEYS */;
INSERT INTO `room` VALUES (101,1,'READY'),(102,1,'READY'),(103,1,'READY'),(104,2,'READY'),(105,2,'READY'),(106,2,'READY'),(107,3,'READY'),(108,3,'READY'),(109,4,'READY'),(110,4,'READY'),(201,1,'READY'),(202,1,'READY'),(203,1,'READY'),(204,2,'READY'),(205,2,'READY'),(206,2,'READY'),(207,3,'READY'),(208,3,'READY'),(209,4,'READY'),(210,4,'READY'),(301,1,'READY'),(302,1,'READY'),(303,1,'READY'),(304,2,'READY'),(305,2,'READY'),(306,2,'READY'),(307,3,'READY'),(308,3,'READY'),(309,4,'READY'),(310,4,'READY'),(401,1,'READY'),(402,1,'READY'),(403,1,'READY'),(404,2,'READY'),(405,2,'READY'),(406,2,'READY'),(407,3,'READY'),(408,3,'READY'),(409,4,'READY'),(410,4,'READY'),(501,1,'READY'),(502,1,'READY'),(503,1,'READY'),(504,2,'READY'),(505,2,'READY'),(506,2,'READY'),(507,3,'READY'),(508,3,'READY'),(509,4,'READY'),(510,4,'READY'),(601,1,'READY'),(602,1,'READY'),(603,1,'READY'),(604,2,'READY'),(605,2,'READY'),(606,2,'READY'),(607,3,'READY'),(608,3,'READY'),(609,4,'READY'),(610,4,'READY'),(701,1,'READY'),(702,1,'READY'),(703,1,'READY'),(704,2,'READY'),(705,2,'READY'),(706,2,'READY'),(707,3,'READY'),(708,3,'READY'),(709,4,'READY'),(710,5,'READY'),(801,1,'READY'),(802,1,'READY'),(803,1,'READY'),(804,2,'READY'),(805,2,'READY'),(806,2,'READY'),(807,3,'READY'),(808,3,'READY'),(809,4,'READY'),(810,5,'READY'),(901,1,'READY'),(902,1,'READY'),(903,1,'READY'),(904,2,'READY'),(905,2,'READY'),(906,2,'READY'),(907,3,'READY'),(908,3,'READY'),(909,4,'READY'),(910,4,'READY'),(1001,1,'READY'),(1002,1,'READY'),(1003,1,'READY'),(1004,2,'READY'),(1005,2,'READY'),(1006,2,'READY'),(1007,3,'READY'),(1008,3,'READY'),(1009,4,'READY'),(1010,4,'READY');
/*!40000 ALTER TABLE `room` ENABLE KEYS */;
UNLOCK TABLES;

--
-- Table structure for table `roomhold`
--

DROP TABLE IF EXISTS `roomhold`;
/*!40101 SET @saved_cs_client     = @@character_set_client */;
/*!50503 SET character_set_client = utf8mb4 */;
CREATE TABLE `roomhold` (
  `id` varchar(36) NOT NULL,
  `guestId` int NOT NULL,
  `roomId` int NOT NULL,
  `finalPrice` decimal(10,2) NOT NULL,
  `checkIn` date NOT NULL,
  `checkOut` date NOT NULL,
  `expiresAt` datetime NOT NULL,
  `token` varchar(64) NOT NULL,
  `createdAt` datetime NOT NULL,
  PRIMARY KEY (`id`),
  KEY `FK_roomhold_guest` (`guestId`),
  KEY `FK_roomhold_room` (`roomId`),
  CONSTRAINT `FK_roomhold_guest` FOREIGN KEY (`guestId`) REFERENCES `guest` (`id`),
  CONSTRAINT `FK_roomhold_room` FOREIGN KEY (`roomId`) REFERENCES `room` (`id`) ON DELETE CASCADE
) ENGINE=InnoDB DEFAULT CHARSET=utf8mb4 COLLATE=utf8mb4_0900_ai_ci;
/*!40101 SET character_set_client = @saved_cs_client */;

--
-- Dumping data for table `roomhold`
--

LOCK TABLES `roomhold` WRITE;
/*!40000 ALTER TABLE `roomhold` DISABLE KEYS */;
/*!40000 ALTER TABLE `roomhold` ENABLE KEYS */;
UNLOCK TABLES;

--
-- Table structure for table `roomtype`
--

DROP TABLE IF EXISTS `roomtype`;
/*!40101 SET @saved_cs_client     = @@character_set_client */;
/*!50503 SET character_set_client = utf8mb4 */;
CREATE TABLE `roomtype` (
  `id` int NOT NULL AUTO_INCREMENT,
  `name` varchar(50) NOT NULL,
  `capacity` tinyint NOT NULL,
  `basePrice` decimal(10,2) NOT NULL,
  `description` varchar(255) DEFAULT NULL,
  PRIMARY KEY (`id`)
) ENGINE=InnoDB AUTO_INCREMENT=6 DEFAULT CHARSET=utf8mb4 COLLATE=utf8mb4_0900_ai_ci;
/*!40101 SET character_set_client = @saved_cs_client */;

--
-- Dumping data for table `roomtype`
--

LOCK TABLES `roomtype` WRITE;
/*!40000 ALTER TABLE `roomtype` DISABLE KEYS */;
INSERT INTO `roomtype` VALUES (1,'Phòng đơn',1,500000.00,'Phòng 1 giường đơn, phù hợp khách đi một mình'),(2,'Phòng đôi',2,800000.00,'Phòng 1 giường đôi hoặc 2 giường đơn cho 2 người'),(3,'Phòng gia đình',4,1200000.00,'Phòng rộng cho gia đình 3–4 người'),(4,'Phòng cao cấp',2,1500000.00,'Phòng view đẹp, tiện nghi cao cấp'),(5,'Phòng tổng thống',2,3000000.00,'Hạng sang nhất, diện tích lớn, dịch vụ kèm theo riêng');
/*!40000 ALTER TABLE `roomtype` ENABLE KEYS */;
UNLOCK TABLES;

--
-- Table structure for table `service`
--

DROP TABLE IF EXISTS `service`;
/*!40101 SET @saved_cs_client     = @@character_set_client */;
/*!50503 SET character_set_client = utf8mb4 */;
CREATE TABLE `service` (
  `id` int NOT NULL AUTO_INCREMENT,
  `name` varchar(50) NOT NULL,
  `price` decimal(10,2) NOT NULL,
  `status` enum('ACTIVE','STOP') NOT NULL DEFAULT 'ACTIVE',
  PRIMARY KEY (`id`)
) ENGINE=InnoDB AUTO_INCREMENT=7 DEFAULT CHARSET=utf8mb4 COLLATE=utf8mb4_0900_ai_ci;
/*!40101 SET character_set_client = @saved_cs_client */;

--
-- Dumping data for table `service`
--

LOCK TABLES `service` WRITE;
/*!40000 ALTER TABLE `service` DISABLE KEYS */;
INSERT INTO `service` VALUES (1,'Giặt ủi',50000.00,'ACTIVE'),(2,'Thuê xe máy',150000.00,'ACTIVE'),(3,'Đưa đón sân bay',250000.00,'ACTIVE'),(4,'Ăn sáng buffet',100000.00,'ACTIVE'),(5,'Spa thư giãn',650000.00,'ACTIVE'),(6,'Thuê ô tô',500000.00,'ACTIVE');
/*!40000 ALTER TABLE `service` ENABLE KEYS */;
UNLOCK TABLES;

--
-- Table structure for table `user`
--

DROP TABLE IF EXISTS `user`;
/*!40101 SET @saved_cs_client     = @@character_set_client */;
/*!50503 SET character_set_client = utf8mb4 */;
CREATE TABLE `user` (
  `id` int NOT NULL AUTO_INCREMENT,
  `empId` int DEFAULT NULL,
  `account` varchar(50) NOT NULL,
  `password` varchar(255) NOT NULL,
  PRIMARY KEY (`id`),
  UNIQUE KEY `empId` (`empId`),
  UNIQUE KEY `account` (`account`),
  CONSTRAINT `FK_user_emp` FOREIGN KEY (`empId`) REFERENCES `emp` (`id`)
) ENGINE=InnoDB AUTO_INCREMENT=23 DEFAULT CHARSET=utf8mb4 COLLATE=utf8mb4_0900_ai_ci;
/*!40101 SET character_set_client = @saved_cs_client */;

--
-- Dumping data for table `user`
--

LOCK TABLES `user` WRITE;
/*!40000 ALTER TABLE `user` DISABLE KEYS */;
INSERT INTO `user` VALUES (1,1,'admin','$2a$10$vG4MgJHuZ/zC/HfejBng6ets.skV7c3BlK9JC3U7.SyC5dPfUqZgS'),(2,2,'sytvkekeke','$2a$10$vG4MgJHuZ/zC/HfejBng6ets.skV7c3BlK9JC3U7.SyC5dPfUqZgS'),(3,3,'annvkekeke','$2a$10$vG4MgJHuZ/zC/HfejBng6ets.skV7c3BlK9JC3U7.SyC5dPfUqZgS'),(4,4,'binhtqkekeke','$2a$10$vG4MgJHuZ/zC/HfejBng6ets.skV7c3BlK9JC3U7.SyC5dPfUqZgS'),(5,5,'chiltkekeke','$2a$10$vG4MgJHuZ/zC/HfejBng6ets.skV7c3BlK9JC3U7.SyC5dPfUqZgS'),(6,6,'dungpmkekeke','$2a$10$vG4MgJHuZ/zC/HfejBng6ets.skV7c3BlK9JC3U7.SyC5dPfUqZgS'),(7,7,'hoavtkekeke','$2a$10$vG4MgJHuZ/zC/HfejBng6ets.skV7c3BlK9JC3U7.SyC5dPfUqZgS'),(8,8,'khanhdtkekeke','$2a$10$vG4MgJHuZ/zC/HfejBng6ets.skV7c3BlK9JC3U7.SyC5dPfUqZgS'),(9,9,'linhpgkekeke','$2a$10$vG4MgJHuZ/zC/HfejBng6ets.skV7c3BlK9JC3U7.SyC5dPfUqZgS'),(10,10,'minhhdkekeke','$2a$10$vG4MgJHuZ/zC/HfejBng6ets.skV7c3BlK9JC3U7.SyC5dPfUqZgS'),(11,11,'ngadtkekeke','$2a$10$vG4MgJHuZ/zC/HfejBng6ets.skV7c3BlK9JC3U7.SyC5dPfUqZgS'),(12,12,'phongbakekeke','$2a$10$vG4MgJHuZ/zC/HfejBng6ets.skV7c3BlK9JC3U7.SyC5dPfUqZgS'),(13,13,'quangnvkekeke','$2a$10$vG4MgJHuZ/zC/HfejBng6ets.skV7c3BlK9JC3U7.SyC5dPfUqZgS'),(14,14,'sonhtkekeke','$2a$10$vG4MgJHuZ/zC/HfejBng6ets.skV7c3BlK9JC3U7.SyC5dPfUqZgS'),(15,15,'trangntkekeke','$2a$10$vG4MgJHuZ/zC/HfejBng6ets.skV7c3BlK9JC3U7.SyC5dPfUqZgS'),(16,16,'vylkkekeke','$2a$10$vG4MgJHuZ/zC/HfejBng6ets.skV7c3BlK9JC3U7.SyC5dPfUqZgS'),(17,17,'tuanpakekeke','$2a$10$vG4MgJHuZ/zC/HfejBng6ets.skV7c3BlK9JC3U7.SyC5dPfUqZgS'),(18,18,'hieudvkekeke','$2a$10$vG4MgJHuZ/zC/HfejBng6ets.skV7c3BlK9JC3U7.SyC5dPfUqZgS'),(19,19,'thuvnkekeke','$2a$10$vG4MgJHuZ/zC/HfejBng6ets.skV7c3BlK9JC3U7.SyC5dPfUqZgS'),(20,20,'yenptkekeke','$2a$10$vG4MgJHuZ/zC/HfejBng6ets.skV7c3BlK9JC3U7.SyC5dPfUqZgS'),(21,21,'nhattdkekeke','$2a$10$vG4MgJHuZ/zC/HfejBng6ets.skV7c3BlK9JC3U7.SyC5dPfUqZgS'),(22,22,'longnhkekeke','$2a$10$vG4MgJHuZ/zC/HfejBng6ets.skV7c3BlK9JC3U7.SyC5dPfUqZgS'),(23,23,'chau','$2b$10$vmhoOMN9QA4ETLGjEG4c2equDLH1P2iB1qeZ2R1vwK1OMDiNu7Pk2');
/*!40000 ALTER TABLE `user` ENABLE KEYS */;
UNLOCK TABLES;
/*!40103 SET TIME_ZONE=@OLD_TIME_ZONE */;

/*!40101 SET SQL_MODE=@OLD_SQL_MODE */;
/*!40014 SET FOREIGN_KEY_CHECKS=@OLD_FOREIGN_KEY_CHECKS */;
/*!40014 SET UNIQUE_CHECKS=@OLD_UNIQUE_CHECKS */;
/*!40101 SET CHARACTER_SET_CLIENT=@OLD_CHARACTER_SET_CLIENT */;
/*!40101 SET CHARACTER_SET_RESULTS=@OLD_CHARACTER_SET_RESULTS */;
/*!40101 SET COLLATION_CONNECTION=@OLD_COLLATION_CONNECTION */;
/*!40111 SET SQL_NOTES=@OLD_SQL_NOTES */;

-- Dump completed on 2025-11-26 10:44:02
